#
# There is insufficient memory for the Java Runtime Environment to continue.
# Native memory allocation (malloc) failed to allocate 1804192 bytes. Error detail: Chunk::new
# Possible reasons:
#   The system is out of physical RAM or swap space
#   This process is running with CompressedOops enabled, and the Java Heap may be blocking the growth of the native heap
# Possible solutions:
#   Reduce memory load on the system
#   Increase physical memory or swap space
#   Check if swap backing store is full
#   Decrease Java heap size (-Xmx/-Xms)
#   Decrease number of Java threads
#   Decrease Java thread stack sizes (-Xss)
#   Set larger code cache with -XX:ReservedCodeCacheSize=
#   JVM is running with Unscaled Compressed Oops mode in which the Java heap is
#     placed in the first 4GB address space. The Java Heap base address is the
#     maximum limit for the native heap growth. Please use -XX:HeapBaseMinAddress
#     to set the Java Heap base and to place the Java Heap above 4GB virtual address.
# This output file may be truncated or incomplete.
#
#  Out of Memory Error (arena.cpp:149), pid=19080, tid=59076
#
# JRE version: Java(TM) SE Runtime Environment (23.0.2+7) (build 23.0.2+7-58)
# Java VM: Java HotSpot(TM) 64-Bit Server VM (23.0.2+7-58, mixed mode, sharing, tiered, compressed oops, compressed class ptrs, g1 gc, windows-amd64)
# No core dump will be written. Minidumps are not enabled by default on client versions of Windows
#

---------------  S U M M A R Y ------------

Command Line: --add-opens=java.base/java.lang=ALL-UNNAMED --add-opens=java.base/java.lang.invoke=ALL-UNNAMED --add-opens=java.base/java.util=ALL-UNNAMED --add-opens=java.prefs/java.util.prefs=ALL-UNNAMED --add-exports=jdk.compiler/com.sun.tools.javac.api=ALL-UNNAMED --add-exports=jdk.compiler/com.sun.tools.javac.util=ALL-UNNAMED --add-opens=java.base/java.util=ALL-UNNAMED --add-opens=java.prefs/java.util.prefs=ALL-UNNAMED --add-opens=java.base/java.nio.charset=ALL-UNNAMED --add-opens=java.base/java.net=ALL-UNNAMED --add-opens=java.base/java.util.concurrent.atomic=ALL-UNNAMED --add-opens=java.xml/javax.xml.namespace=ALL-UNNAMED -XX:MaxMetaspaceSize=384m -XX:+HeapDumpOnOutOfMemoryError -Xms256m -Xmx512m -Dfile.encoding=UTF-8 -Duser.country=CH -Duser.language=fr -Duser.variant -javaagent:C:\Users\USER\.gradle\wrapper\dists\gradle-8.13-bin\5xuhj0ry160q40clulazy9h7d\gradle-8.13\lib\agents\gradle-instrumentation-agent-8.13.jar org.gradle.launcher.daemon.bootstrap.GradleDaemon 8.13

Host: Intel(R) Core(TM) i5-8250U CPU @ 1.60GHz, 8 cores, 7G,  Windows 11 , 64 bit Build 26100 (10.0.26100.5074)
Time: Fri Oct  3 16:00:57 2025 São Tomé (heure standard) elapsed time: 2771.496471 seconds (0d 0h 46m 11s)

---------------  T H R E A D  ---------------

Current thread (0x000001a8f90156b0):  JavaThread "C2 CompilerThread0" daemon [_thread_in_native, id=59076, stack(0x0000002f86300000,0x0000002f86400000) (1024K)]


Current CompileTask:
C2:2771496 21628 %     4       org.gradle.api.internal.tasks.compile.incremental.deps.ClassSetAnalysisData::reduceToTypesAffecting @ 116 (578 bytes)

Stack: [0x0000002f86300000,0x0000002f86400000]
Native frames: (J=compiled Java code, j=interpreted, Vv=VM code, C=native code)
V  [jvm.dll+0x6e0b99]  (no source info available)
V  [jvm.dll+0x87e2b3]  (no source info available)
V  [jvm.dll+0x88073e]  (no source info available)
V  [jvm.dll+0x880e13]  (no source info available)
V  [jvm.dll+0x27b006]  (no source info available)
V  [jvm.dll+0xbc06f]  (no source info available)
V  [jvm.dll+0xbc2cb]  (no source info available)
V  [jvm.dll+0x3b3c5c]  (no source info available)
V  [jvm.dll+0x38a55b]  (no source info available)
V  [jvm.dll+0x3899ca]  (no source info available)
V  [jvm.dll+0x244ba1]  (no source info available)
V  [jvm.dll+0x243eff]  (no source info available)
V  [jvm.dll+0x1c34b0]  (no source info available)
V  [jvm.dll+0x253df1]  (no source info available)
V  [jvm.dll+0x2520aa]  (no source info available)
V  [jvm.dll+0x3ee226]  (no source info available)
V  [jvm.dll+0x8254cb]  (no source info available)
V  [jvm.dll+0x6df345]  (no source info available)
C  [ucrtbase.dll+0x37b0]  (no source info available)
C  [KERNEL32.DLL+0x2e8d7]  (no source info available)
C  [ntdll.dll+0x8d9c]  (no source info available)

Lock stack of current Java thread (top to bottom):


---------------  P R O C E S S  ---------------

Threads class SMR info:
_java_thread_list=0x000001a8fc718d90, length=154, elements={
0x000001a8c2c72130, 0x000001a8dfd8e510, 0x000001a8f90060a0, 0x000001a8f900a010,
0x000001a8f900ae20, 0x000001a8f900c020, 0x000001a8f90119c0, 0x000001a8f90156b0,
0x000001a8f901d170, 0x000001a8f9125770, 0x000001a8f93454b0, 0x000001a8f9611440,
0x000001a8f9097040, 0x000001a8fa3f01d0, 0x000001a8fa158200, 0x000001a8fa154d80,
0x000001a8fa155410, 0x000001a8fcb72720, 0x000001a8fcb75510, 0x000001a8fcb75ba0,
0x000001a8fcb72db0, 0x000001a8fcb73ad0, 0x000001a8fddf85b0, 0x000001a8fe2e8740,
0x000001a8fe2ec8e0, 0x000001a8fe4c0060, 0x000001a8fcb23200, 0x000001a8fcb25ff0,
0x000001a8fec2ae40, 0x000001a8fc6cafd0, 0x000001a8fc6d0520, 0x000001a8fc6d1240,
0x000001a8fc6cfe90, 0x000001a8fc6d1f60, 0x000001a8fc6d25f0, 0x000001a8fc6cf170,
0x000001a8fc6cf800, 0x000001a8fc6d6100, 0x000001a8fc6d6e20, 0x000001a8fc6d74b0,
0x000001a8fc6d7b40, 0x000001a8fc6d46c0, 0x000001a8fc6d81d0, 0x000001a8fc6d8ef0,
0x000001a8fc6d8860, 0x000001a8fec286e0, 0x000001a8fec28d70, 0x000001a8fec26ca0,
0x000001a8fec258f0, 0x000001a8fec28050, 0x000001a8fec279c0, 0x000001a8fec26610,
0x000001a8fec29400, 0x000001a8fec25f80, 0x000001a8fec2c880, 0x000001a8fec2a7b0,
0x000001a8fec2a120, 0x000001a8fec2b4d0, 0x000001a8fec2bb60, 0x000001a8fec2c1f0,
0x000001a8fe2e7a20, 0x000001a8fe2e7390, 0x000001a8fe2e8dd0, 0x000001a8fe2e80b0,
0x000001a8fe2e5fe0, 0x000001a8fe2e5950, 0x000001a8fe2e6670, 0x000001a8fe2e9af0,
0x000001a8fe2e9460, 0x000001a8fe2e6d00, 0x000001a8fe2eb530, 0x000001a8fe2ea810,
0x000001a8fe2ebbc0, 0x000001a8fe2ec250, 0x000001a8fe2eaea0, 0x000001a8fc2108e0,
0x000001a8fc20fbc0, 0x000001a8fc210f70, 0x000001a8fc20daf0, 0x000001a8fc20eea0,
0x000001a8fc211600, 0x000001a8fc20e180, 0x000001a8fc214a80, 0x000001a8fc213d60,
0x000001a8fc211c90, 0x000001a8fc212320, 0x000001a8fc2136d0, 0x000001a8fc2129b0,
0x000001a8fc2143f0, 0x000001a8fc213040, 0x000001a8fcb245b0, 0x000001a8fcb26d10,
0x000001a8fcb24c40, 0x000001a8fcb252d0, 0x000001a8fcb25960, 0x000001a8fcb23890,
0x000001a8fcb28de0, 0x000001a8fcb273a0, 0x000001a8fcb280c0, 0x000001a8fcb29470,
0x000001a8fcb29b00, 0x000001a8fcb27a30, 0x000001a8fcb2a190, 0x000001a8fcb2a820,
0x000001a8fddf7890, 0x000001a8fddf57c0, 0x000001a8fddf92d0, 0x000001a8fddf7f20,
0x000001a8fddfb3a0, 0x000001a8fddfad10, 0x000001a8fddfba30, 0x000001a8fddfc0c0,
0x000001a8fddfc750, 0x000001a8fddfcde0, 0x000001a8fe8f76f0, 0x000001a8fe8f7d80,
0x000001a8fe8f9130, 0x000001a8fe8f8410, 0x000001a8fe8f8aa0, 0x000001a8fe8f69d0,
0x000001a8fe8f7060, 0x000001a8fe4bbec0, 0x000001a8fe4bf9d0, 0x000001a8fe4bc550,
0x000001a8fe4bcbe0, 0x000001a8fe4c1410, 0x000001a8fa1567c0, 0x000001a8fa157b70,
0x000001a8fa1574e0, 0x000001a8fcb73440, 0x000001a8fcb74e80, 0x000001a8fc935b20,
0x000001a8fc937bf0, 0x000001a8fc935490, 0x000001a8fc936ed0, 0x000001a8fc936840,
0x000001a8fc93e4f0, 0x000001a8fc93b070, 0x000001a8fc93f8a0, 0x000001a8fc93f210,
0x000001a8fc93ff30, 0x000001a8fc9405c0, 0x000001a8fc940c50, 0x000001a8fd305200,
0x000001a8fd3058d0, 0x000001a88530b6f0, 0x000001a88530de50, 0x000001a88530d7c0,
0x000001a88530c410, 0x000001a88530bd80, 0x000001a88530e4e0, 0x000001a88530b060,
0x000001a885311ff0, 0x000001a88530ff20
}

Java Threads: ( => current thread )
  0x000001a8c2c72130 JavaThread "main"                              [_thread_blocked, id=56260, stack(0x0000002f85500000,0x0000002f85600000) (1024K)]
  0x000001a8dfd8e510 JavaThread "Reference Handler"          daemon [_thread_blocked, id=28536, stack(0x0000002f85d00000,0x0000002f85e00000) (1024K)]
  0x000001a8f90060a0 JavaThread "Finalizer"                  daemon [_thread_blocked, id=51740, stack(0x0000002f85e00000,0x0000002f85f00000) (1024K)]
  0x000001a8f900a010 JavaThread "Signal Dispatcher"          daemon [_thread_blocked, id=59956, stack(0x0000002f85f00000,0x0000002f86000000) (1024K)]
  0x000001a8f900ae20 JavaThread "Attach Listener"            daemon [_thread_blocked, id=49628, stack(0x0000002f86000000,0x0000002f86100000) (1024K)]
  0x000001a8f900c020 JavaThread "Service Thread"             daemon [_thread_blocked, id=19160, stack(0x0000002f86100000,0x0000002f86200000) (1024K)]
  0x000001a8f90119c0 JavaThread "Monitor Deflation Thread"   daemon [_thread_blocked, id=39352, stack(0x0000002f86200000,0x0000002f86300000) (1024K)]
=>0x000001a8f90156b0 JavaThread "C2 CompilerThread0"         daemon [_thread_in_native, id=59076, stack(0x0000002f86300000,0x0000002f86400000) (1024K)]
  0x000001a8f901d170 JavaThread "C1 CompilerThread0"         daemon [_thread_blocked, id=24800, stack(0x0000002f86400000,0x0000002f86500000) (1024K)]
  0x000001a8f9125770 JavaThread "Common-Cleaner"             daemon [_thread_blocked, id=47612, stack(0x0000002f86500000,0x0000002f86600000) (1024K)]
  0x000001a8f93454b0 JavaThread "Notification Thread"        daemon [_thread_blocked, id=49112, stack(0x0000002f86700000,0x0000002f86800000) (1024K)]
  0x000001a8f9611440 JavaThread "Daemon health stats"               [_thread_blocked, id=4500, stack(0x0000002f86600000,0x0000002f86700000) (1024K)]
  0x000001a8f9097040 JavaThread "Incoming local TCP Connector on port 51059"        [_thread_in_native, id=38264, stack(0x0000002f86d00000,0x0000002f86e00000) (1024K)]
  0x000001a8fa3f01d0 JavaThread "Daemon periodic checks"            [_thread_blocked, id=25616, stack(0x0000002f86e00000,0x0000002f86f00000) (1024K)]
  0x000001a8fa158200 JavaThread "Cache worker for journal cache (C:\Users\USER\.gradle\caches\journal-1)"        [_thread_blocked, id=39396, stack(0x0000002f87600000,0x0000002f87700000) (1024K)]
  0x000001a8fa154d80 JavaThread "File lock request listener"        [_thread_in_native, id=53808, stack(0x0000002f87700000,0x0000002f87800000) (1024K)]
  0x000001a8fa155410 JavaThread "Cache worker for file hash cache (C:\Users\USER\.gradle\caches\8.13\fileHashes)"        [_thread_blocked, id=19216, stack(0x0000002f87800000,0x0000002f87900000) (1024K)]
  0x000001a8fcb72720 JavaThread "File watcher server"        daemon [_thread_in_native, id=42492, stack(0x0000002f87e00000,0x0000002f87f00000) (1024K)]
  0x000001a8fcb75510 JavaThread "File watcher consumer"      daemon [_thread_blocked, id=56124, stack(0x0000002f87f00000,0x0000002f88000000) (1024K)]
  0x000001a8fcb75ba0 JavaThread "jar transforms"                    [_thread_blocked, id=53980, stack(0x0000002f88100000,0x0000002f88200000) (1024K)]
  0x000001a8fcb72db0 JavaThread "jar transforms Thread 2"           [_thread_blocked, id=32288, stack(0x0000002f88200000,0x0000002f88300000) (1024K)]
  0x000001a8fcb73ad0 JavaThread "Cache worker for file content cache (C:\Users\USER\.gradle\caches\8.13\fileContent)"        [_thread_blocked, id=51404, stack(0x0000002f88400000,0x0000002f88500000) (1024K)]
  0x000001a8fddf85b0 JavaThread "jar transforms Thread 3"           [_thread_blocked, id=7648, stack(0x0000002f88700000,0x0000002f88800000) (1024K)]
  0x000001a8fe2e8740 JavaThread "Memory manager"                    [_thread_blocked, id=36292, stack(0x0000002f89e00000,0x0000002f89f00000) (1024K)]
  0x000001a8fe2ec8e0 JavaThread "jar transforms Thread 4"           [_thread_blocked, id=60260, stack(0x0000002f89f00000,0x0000002f8a000000) (1024K)]
  0x000001a8fe4c0060 JavaThread "Cache worker for Java compile cache (C:\Users\USER\.gradle\caches\8.13\javaCompile)"        [_thread_blocked, id=57132, stack(0x0000002f8ef00000,0x0000002f8f000000) (1024K)]
  0x000001a8fcb23200 JavaThread "Daemon Thread 2"                   [_thread_blocked, id=8476, stack(0x0000002f85200000,0x0000002f85300000) (1024K)]
  0x000001a8fcb25ff0 JavaThread "Daemon worker Thread 2"            [_thread_blocked, id=55540, stack(0x0000002f86f00000,0x0000002f87000000) (1024K)]
  0x000001a8fec2ae40 JavaThread "included builds"                   [_thread_blocked, id=25700, stack(0x0000002f89300000,0x0000002f89400000) (1024K)]
  0x000001a8fc6cafd0 JavaThread "VFS cleanup Thread 3"              [_thread_blocked, id=59328, stack(0x0000002f87000000,0x0000002f87100000) (1024K)]
  0x000001a8fc6d0520 JavaThread "Handler for socket connection from /127.0.0.1:51059 to /127.0.0.1:52952"        [_thread_in_native, id=33352, stack(0x0000002f85300000,0x0000002f85400000) (1024K)]
  0x000001a8fc6d1240 JavaThread "Cancel handler"                    [_thread_blocked, id=57848, stack(0x0000002f85400000,0x0000002f85500000) (1024K)]
  0x000001a8fc6cfe90 JavaThread "Asynchronous log dispatcher for DefaultDaemonConnection: socket connection from /127.0.0.1:51059 to /127.0.0.1:52952"        [_thread_blocked, id=50836, stack(0x0000002f87100000,0x0000002f87200000) (1024K)]
  0x000001a8fc6d1f60 JavaThread "Stdin handler"                     [_thread_blocked, id=50628, stack(0x0000002f87200000,0x0000002f87300000) (1024K)]
  0x000001a8fc6d25f0 JavaThread "Daemon client event forwarder"        [_thread_blocked, id=55424, stack(0x0000002f87300000,0x0000002f87400000) (1024K)]
  0x000001a8fc6cf170 JavaThread "Cache worker for file hash cache (C:\Users\USER\Desktop\Projets Cleanic\Projets en cours\Pointage-Cleanic-Backend\.gradle\8.13\fileHashes)"        [_thread_blocked, id=50984, stack(0x0000002f87400000,0x0000002f87500000) (1024K)]
  0x000001a8fc6cf800 JavaThread "Cache worker for Build Output Cleanup Cache (C:\Users\USER\Desktop\Projets Cleanic\Projets en cours\Pointage-Cleanic-Backend\.gradle\buildOutputCleanup)"        [_thread_blocked, id=56000, stack(0x0000002f87500000,0x0000002f87600000) (1024K)]
  0x000001a8fc6d6100 JavaThread "Cache worker for checksums cache (C:\Users\USER\Desktop\Projets Cleanic\Projets en cours\Pointage-Cleanic-Backend\.gradle\8.13\checksums)"        [_thread_blocked, id=48512, stack(0x0000002f87c00000,0x0000002f87d00000) (1024K)]
  0x000001a8fc6d6e20 JavaThread "Cache worker for cache directory md-supplier (C:\Users\USER\.gradle\caches\8.13\md-supplier)"        [_thread_blocked, id=59148, stack(0x0000002f87d00000,0x0000002f87e00000) (1024K)]
  0x000001a8fc6d74b0 JavaThread "Cache worker for cache directory md-rule (C:\Users\USER\.gradle\caches\8.13\md-rule)"        [_thread_blocked, id=23592, stack(0x0000002f88000000,0x0000002f88100000) (1024K)]
  0x000001a8fc6d7b40 JavaThread "Unconstrained build operations"        [_thread_blocked, id=55580, stack(0x0000002f88500000,0x0000002f88600000) (1024K)]
  0x000001a8fc6d46c0 JavaThread "Unconstrained build operations Thread 2"        [_thread_blocked, id=42044, stack(0x0000002f88600000,0x0000002f88700000) (1024K)]
  0x000001a8fc6d81d0 JavaThread "Unconstrained build operations Thread 3"        [_thread_blocked, id=17492, stack(0x0000002f88800000,0x0000002f88900000) (1024K)]
  0x000001a8fc6d8ef0 JavaThread "Unconstrained build operations Thread 4"        [_thread_blocked, id=50012, stack(0x0000002f88900000,0x0000002f88a00000) (1024K)]
  0x000001a8fc6d8860 JavaThread "Unconstrained build operations Thread 5"        [_thread_blocked, id=53012, stack(0x0000002f88a00000,0x0000002f88b00000) (1024K)]
  0x000001a8fec286e0 JavaThread "Unconstrained build operations Thread 6"        [_thread_blocked, id=50432, stack(0x0000002f88b00000,0x0000002f88c00000) (1024K)]
  0x000001a8fec28d70 JavaThread "Unconstrained build operations Thread 7"        [_thread_blocked, id=59300, stack(0x0000002f88c00000,0x0000002f88d00000) (1024K)]
  0x000001a8fec26ca0 JavaThread "Unconstrained build operations Thread 8"        [_thread_blocked, id=33404, stack(0x0000002f88d00000,0x0000002f88e00000) (1024K)]
  0x000001a8fec258f0 JavaThread "Unconstrained build operations Thread 9"        [_thread_blocked, id=28524, stack(0x0000002f88e00000,0x0000002f88f00000) (1024K)]
  0x000001a8fec28050 JavaThread "Unconstrained build operations Thread 10"        [_thread_blocked, id=55892, stack(0x0000002f88f00000,0x0000002f89000000) (1024K)]
  0x000001a8fec279c0 JavaThread "Unconstrained build operations Thread 11"        [_thread_blocked, id=57688, stack(0x0000002f89000000,0x0000002f89100000) (1024K)]
  0x000001a8fec26610 JavaThread "Unconstrained build operations Thread 12"        [_thread_blocked, id=24816, stack(0x0000002f89100000,0x0000002f89200000) (1024K)]
  0x000001a8fec29400 JavaThread "Unconstrained build operations Thread 13"        [_thread_blocked, id=54304, stack(0x0000002f89200000,0x0000002f89300000) (1024K)]
  0x000001a8fec25f80 JavaThread "Unconstrained build operations Thread 14"        [_thread_blocked, id=60156, stack(0x0000002f89400000,0x0000002f89500000) (1024K)]
  0x000001a8fec2c880 JavaThread "Unconstrained build operations Thread 15"        [_thread_blocked, id=60408, stack(0x0000002f89500000,0x0000002f89600000) (1024K)]
  0x000001a8fec2a7b0 JavaThread "Unconstrained build operations Thread 16"        [_thread_blocked, id=54016, stack(0x0000002f89600000,0x0000002f89700000) (1024K)]
  0x000001a8fec2a120 JavaThread "Unconstrained build operations Thread 17"        [_thread_blocked, id=43996, stack(0x0000002f89700000,0x0000002f89800000) (1024K)]
  0x000001a8fec2b4d0 JavaThread "Unconstrained build operations Thread 18"        [_thread_blocked, id=58200, stack(0x0000002f89800000,0x0000002f89900000) (1024K)]
  0x000001a8fec2bb60 JavaThread "Unconstrained build operations Thread 19"        [_thread_blocked, id=51792, stack(0x0000002f89900000,0x0000002f89a00000) (1024K)]
  0x000001a8fec2c1f0 JavaThread "Unconstrained build operations Thread 20"        [_thread_blocked, id=37760, stack(0x0000002f89a00000,0x0000002f89b00000) (1024K)]
  0x000001a8fe2e7a20 JavaThread "Unconstrained build operations Thread 21"        [_thread_blocked, id=7600, stack(0x0000002f89b00000,0x0000002f89c00000) (1024K)]
  0x000001a8fe2e7390 JavaThread "Unconstrained build operations Thread 22"        [_thread_blocked, id=55336, stack(0x0000002f89c00000,0x0000002f89d00000) (1024K)]
  0x000001a8fe2e8dd0 JavaThread "Unconstrained build operations Thread 23"        [_thread_blocked, id=28308, stack(0x0000002f89d00000,0x0000002f89e00000) (1024K)]
  0x000001a8fe2e80b0 JavaThread "Unconstrained build operations Thread 24"        [_thread_blocked, id=55552, stack(0x0000002f8a000000,0x0000002f8a100000) (1024K)]
  0x000001a8fe2e5fe0 JavaThread "Unconstrained build operations Thread 25"        [_thread_blocked, id=49316, stack(0x0000002f8a100000,0x0000002f8a200000) (1024K)]
  0x000001a8fe2e5950 JavaThread "Unconstrained build operations Thread 26"        [_thread_blocked, id=14076, stack(0x0000002f8a200000,0x0000002f8a300000) (1024K)]
  0x000001a8fe2e6670 JavaThread "Unconstrained build operations Thread 27"        [_thread_blocked, id=46760, stack(0x0000002f8a300000,0x0000002f8a400000) (1024K)]
  0x000001a8fe2e9af0 JavaThread "Unconstrained build operations Thread 28"        [_thread_blocked, id=55808, stack(0x0000002f8a400000,0x0000002f8a500000) (1024K)]
  0x000001a8fe2e9460 JavaThread "Unconstrained build operations Thread 29"        [_thread_blocked, id=51908, stack(0x0000002f8a500000,0x0000002f8a600000) (1024K)]
  0x000001a8fe2e6d00 JavaThread "Unconstrained build operations Thread 30"        [_thread_blocked, id=54568, stack(0x0000002f8a600000,0x0000002f8a700000) (1024K)]
  0x000001a8fe2eb530 JavaThread "Unconstrained build operations Thread 31"        [_thread_blocked, id=56372, stack(0x0000002f8a700000,0x0000002f8a800000) (1024K)]
  0x000001a8fe2ea810 JavaThread "Unconstrained build operations Thread 32"        [_thread_blocked, id=33180, stack(0x0000002f8a800000,0x0000002f8a900000) (1024K)]
  0x000001a8fe2ebbc0 JavaThread "Unconstrained build operations Thread 33"        [_thread_blocked, id=46904, stack(0x0000002f8a900000,0x0000002f8aa00000) (1024K)]
  0x000001a8fe2ec250 JavaThread "Unconstrained build operations Thread 34"        [_thread_blocked, id=51808, stack(0x0000002f8aa00000,0x0000002f8ab00000) (1024K)]
  0x000001a8fe2eaea0 JavaThread "Unconstrained build operations Thread 35"        [_thread_blocked, id=57536, stack(0x0000002f8ab00000,0x0000002f8ac00000) (1024K)]
  0x000001a8fc2108e0 JavaThread "Unconstrained build operations Thread 36"        [_thread_blocked, id=43028, stack(0x0000002f8ac00000,0x0000002f8ad00000) (1024K)]
  0x000001a8fc20fbc0 JavaThread "Unconstrained build operations Thread 37"        [_thread_blocked, id=59112, stack(0x0000002f8ad00000,0x0000002f8ae00000) (1024K)]
  0x000001a8fc210f70 JavaThread "Unconstrained build operations Thread 38"        [_thread_blocked, id=35752, stack(0x0000002f8ae00000,0x0000002f8af00000) (1024K)]
  0x000001a8fc20daf0 JavaThread "Unconstrained build operations Thread 39"        [_thread_blocked, id=59916, stack(0x0000002f8af00000,0x0000002f8b000000) (1024K)]
  0x000001a8fc20eea0 JavaThread "Unconstrained build operations Thread 40"        [_thread_blocked, id=57036, stack(0x0000002f8b000000,0x0000002f8b100000) (1024K)]
  0x000001a8fc211600 JavaThread "Unconstrained build operations Thread 41"        [_thread_blocked, id=56296, stack(0x0000002f8b100000,0x0000002f8b200000) (1024K)]
  0x000001a8fc20e180 JavaThread "Unconstrained build operations Thread 42"        [_thread_blocked, id=56668, stack(0x0000002f8b200000,0x0000002f8b300000) (1024K)]
  0x000001a8fc214a80 JavaThread "Unconstrained build operations Thread 43"        [_thread_blocked, id=55988, stack(0x0000002f8b300000,0x0000002f8b400000) (1024K)]
  0x000001a8fc213d60 JavaThread "Unconstrained build operations Thread 44"        [_thread_blocked, id=50576, stack(0x0000002f8b400000,0x0000002f8b500000) (1024K)]
  0x000001a8fc211c90 JavaThread "Unconstrained build operations Thread 45"        [_thread_blocked, id=53772, stack(0x0000002f8b500000,0x0000002f8b600000) (1024K)]
  0x000001a8fc212320 JavaThread "Unconstrained build operations Thread 46"        [_thread_blocked, id=56152, stack(0x0000002f8b600000,0x0000002f8b700000) (1024K)]
  0x000001a8fc2136d0 JavaThread "Unconstrained build operations Thread 47"        [_thread_blocked, id=56272, stack(0x0000002f8b700000,0x0000002f8b800000) (1024K)]
  0x000001a8fc2129b0 JavaThread "Unconstrained build operations Thread 48"        [_thread_blocked, id=59280, stack(0x0000002f8b800000,0x0000002f8b900000) (1024K)]
  0x000001a8fc2143f0 JavaThread "Unconstrained build operations Thread 49"        [_thread_blocked, id=56716, stack(0x0000002f8b900000,0x0000002f8ba00000) (1024K)]
  0x000001a8fc213040 JavaThread "Unconstrained build operations Thread 50"        [_thread_blocked, id=49900, stack(0x0000002f8ba00000,0x0000002f8bb00000) (1024K)]
  0x000001a8fcb245b0 JavaThread "Unconstrained build operations Thread 51"        [_thread_blocked, id=58324, stack(0x0000002f8bb00000,0x0000002f8bc00000) (1024K)]
  0x000001a8fcb26d10 JavaThread "Unconstrained build operations Thread 52"        [_thread_blocked, id=33972, stack(0x0000002f8bc00000,0x0000002f8bd00000) (1024K)]
  0x000001a8fcb24c40 JavaThread "Unconstrained build operations Thread 53"        [_thread_blocked, id=51724, stack(0x0000002f8bd00000,0x0000002f8be00000) (1024K)]
  0x000001a8fcb252d0 JavaThread "Unconstrained build operations Thread 54"        [_thread_blocked, id=59004, stack(0x0000002f8be00000,0x0000002f8bf00000) (1024K)]
  0x000001a8fcb25960 JavaThread "Unconstrained build operations Thread 55"        [_thread_blocked, id=28472, stack(0x0000002f8bf00000,0x0000002f8c000000) (1024K)]
  0x000001a8fcb23890 JavaThread "Unconstrained build operations Thread 56"        [_thread_blocked, id=56808, stack(0x0000002f8c000000,0x0000002f8c100000) (1024K)]
  0x000001a8fcb28de0 JavaThread "Unconstrained build operations Thread 57"        [_thread_blocked, id=17480, stack(0x0000002f8c100000,0x0000002f8c200000) (1024K)]
  0x000001a8fcb273a0 JavaThread "Unconstrained build operations Thread 58"        [_thread_blocked, id=10888, stack(0x0000002f8c200000,0x0000002f8c300000) (1024K)]
  0x000001a8fcb280c0 JavaThread "Unconstrained build operations Thread 59"        [_thread_blocked, id=46616, stack(0x0000002f8c300000,0x0000002f8c400000) (1024K)]
  0x000001a8fcb29470 JavaThread "Unconstrained build operations Thread 60"        [_thread_blocked, id=41980, stack(0x0000002f8c400000,0x0000002f8c500000) (1024K)]
  0x000001a8fcb29b00 JavaThread "Unconstrained build operations Thread 61"        [_thread_blocked, id=59836, stack(0x0000002f8c500000,0x0000002f8c600000) (1024K)]
  0x000001a8fcb27a30 JavaThread "Unconstrained build operations Thread 62"        [_thread_blocked, id=35052, stack(0x0000002f8c600000,0x0000002f8c700000) (1024K)]
  0x000001a8fcb2a190 JavaThread "Unconstrained build operations Thread 63"        [_thread_blocked, id=55736, stack(0x0000002f8c700000,0x0000002f8c800000) (1024K)]
  0x000001a8fcb2a820 JavaThread "Unconstrained build operations Thread 64"        [_thread_blocked, id=58372, stack(0x0000002f8c800000,0x0000002f8c900000) (1024K)]
  0x000001a8fddf7890 JavaThread "Unconstrained build operations Thread 65"        [_thread_blocked, id=56732, stack(0x0000002f8c900000,0x0000002f8ca00000) (1024K)]
  0x000001a8fddf57c0 JavaThread "Unconstrained build operations Thread 66"        [_thread_blocked, id=58556, stack(0x0000002f8ca00000,0x0000002f8cb00000) (1024K)]
  0x000001a8fddf92d0 JavaThread "Unconstrained build operations Thread 67"        [_thread_blocked, id=8104, stack(0x0000002f8cb00000,0x0000002f8cc00000) (1024K)]
  0x000001a8fddf7f20 JavaThread "Unconstrained build operations Thread 68"        [_thread_blocked, id=13480, stack(0x0000002f8cc00000,0x0000002f8cd00000) (1024K)]
  0x000001a8fddfb3a0 JavaThread "Unconstrained build operations Thread 69"        [_thread_blocked, id=13044, stack(0x0000002f8cd00000,0x0000002f8ce00000) (1024K)]
  0x000001a8fddfad10 JavaThread "Unconstrained build operations Thread 70"        [_thread_blocked, id=56952, stack(0x0000002f8ce00000,0x0000002f8cf00000) (1024K)]
  0x000001a8fddfba30 JavaThread "Unconstrained build operations Thread 71"        [_thread_blocked, id=48816, stack(0x0000002f8cf00000,0x0000002f8d000000) (1024K)]
  0x000001a8fddfc0c0 JavaThread "Unconstrained build operations Thread 72"        [_thread_blocked, id=49272, stack(0x0000002f8d000000,0x0000002f8d100000) (1024K)]
  0x000001a8fddfc750 JavaThread "Unconstrained build operations Thread 73"        [_thread_blocked, id=43976, stack(0x0000002f8d100000,0x0000002f8d200000) (1024K)]
  0x000001a8fddfcde0 JavaThread "Unconstrained build operations Thread 74"        [_thread_blocked, id=60164, stack(0x0000002f8d200000,0x0000002f8d300000) (1024K)]
  0x000001a8fe8f76f0 JavaThread "Unconstrained build operations Thread 75"        [_thread_blocked, id=56128, stack(0x0000002f8d300000,0x0000002f8d400000) (1024K)]
  0x000001a8fe8f7d80 JavaThread "Unconstrained build operations Thread 76"        [_thread_blocked, id=45600, stack(0x0000002f8d400000,0x0000002f8d500000) (1024K)]
  0x000001a8fe8f9130 JavaThread "Unconstrained build operations Thread 77"        [_thread_blocked, id=56236, stack(0x0000002f8d500000,0x0000002f8d600000) (1024K)]
  0x000001a8fe8f8410 JavaThread "Unconstrained build operations Thread 78"        [_thread_blocked, id=55912, stack(0x0000002f8d600000,0x0000002f8d700000) (1024K)]
  0x000001a8fe8f8aa0 JavaThread "Unconstrained build operations Thread 79"        [_thread_blocked, id=57496, stack(0x0000002f8d700000,0x0000002f8d800000) (1024K)]
  0x000001a8fe8f69d0 JavaThread "Unconstrained build operations Thread 80"        [_thread_blocked, id=59316, stack(0x0000002f8d800000,0x0000002f8d900000) (1024K)]
  0x000001a8fe8f7060 JavaThread "ForkJoinPool.commonPool-worker-8" daemon [_thread_blocked, id=9572, stack(0x0000002f8d900000,0x0000002f8da00000) (1024K)]
  0x000001a8fe4bbec0 JavaThread "ForkJoinPool.commonPool-worker-9" daemon [_thread_blocked, id=52396, stack(0x0000002f8da00000,0x0000002f8db00000) (1024K)]
  0x000001a8fe4bf9d0 JavaThread "ForkJoinPool.commonPool-worker-10" daemon [_thread_blocked, id=17144, stack(0x0000002f8db00000,0x0000002f8dc00000) (1024K)]
  0x000001a8fe4bc550 JavaThread "ForkJoinPool.commonPool-worker-11" daemon [_thread_blocked, id=60004, stack(0x0000002f8dc00000,0x0000002f8dd00000) (1024K)]
  0x000001a8fe4bcbe0 JavaThread "ForkJoinPool.commonPool-worker-12" daemon [_thread_blocked, id=57056, stack(0x0000002f8dd00000,0x0000002f8de00000) (1024K)]
  0x000001a8fe4c1410 JavaThread "ForkJoinPool.commonPool-worker-13" daemon [_thread_blocked, id=57952, stack(0x0000002f8de00000,0x0000002f8df00000) (1024K)]
  0x000001a8fa1567c0 JavaThread "ForkJoinPool.commonPool-worker-14" daemon [_thread_blocked, id=26912, stack(0x0000002f8df00000,0x0000002f8e000000) (1024K)]
  0x000001a8fa157b70 JavaThread "included builds"                   [_thread_blocked, id=47952, stack(0x0000002f8e000000,0x0000002f8e100000) (1024K)]
  0x000001a8fa1574e0 JavaThread "Execution worker"                  [_thread_blocked, id=54156, stack(0x0000002f8e100000,0x0000002f8e200000) (1024K)]
  0x000001a8fcb73440 JavaThread "Execution worker Thread 2"         [_thread_blocked, id=59288, stack(0x0000002f8e200000,0x0000002f8e300000) (1024K)]
  0x000001a8fcb74e80 JavaThread "Execution worker Thread 3"         [_thread_blocked, id=24612, stack(0x0000002f8e300000,0x0000002f8e400000) (1024K)]
  0x000001a8fc935b20 JavaThread "Execution worker Thread 4"         [_thread_blocked, id=50316, stack(0x0000002f8e400000,0x0000002f8e500000) (1024K)]
  0x000001a8fc937bf0 JavaThread "Execution worker Thread 5"         [_thread_blocked, id=60240, stack(0x0000002f8e500000,0x0000002f8e600000) (1024K)]
  0x000001a8fc935490 JavaThread "Execution worker Thread 6"         [_thread_blocked, id=37620, stack(0x0000002f8e600000,0x0000002f8e700000) (1024K)]
  0x000001a8fc936ed0 JavaThread "Execution worker Thread 7"         [_thread_blocked, id=57692, stack(0x0000002f8e700000,0x0000002f8e800000) (1024K)]
  0x000001a8fc936840 JavaThread "Cache worker for execution history cache (C:\Users\USER\Desktop\Projets Cleanic\Projets en cours\Pointage-Cleanic-Backend\.gradle\8.13\executionHistory)"        [_thread_blocked, id=32908, stack(0x0000002f8e800000,0x0000002f8e900000) (1024K)]
  0x000001a8fc93e4f0 JavaThread "Build operations"                  [_thread_blocked, id=58724, stack(0x0000002f8ea00000,0x0000002f8eb00000) (1024K)]
  0x000001a8fc93b070 JavaThread "Build operations Thread 2"         [_thread_blocked, id=31660, stack(0x0000002f8eb00000,0x0000002f8ec00000) (1024K)]
  0x000001a8fc93f8a0 JavaThread "Build operations Thread 3"         [_thread_blocked, id=9724, stack(0x0000002f8ec00000,0x0000002f8ed00000) (1024K)]
  0x000001a8fc93f210 JavaThread "Build operations Thread 4"         [_thread_blocked, id=49676, stack(0x0000002f8ed00000,0x0000002f8ee00000) (1024K)]
  0x000001a8fc93ff30 JavaThread "Build operations Thread 5"         [_thread_blocked, id=30656, stack(0x0000002f8ee00000,0x0000002f8ef00000) (1024K)]
  0x000001a8fc9405c0 JavaThread "Build operations Thread 6"         [_thread_blocked, id=41624, stack(0x0000002f8f000000,0x0000002f8f100000) (1024K)]
  0x000001a8fc940c50 JavaThread "Build operations Thread 7"         [_thread_blocked, id=59044, stack(0x0000002f8f100000,0x0000002f8f200000) (1024K)]
  0x000001a8fd305200 JavaThread "C2 CompilerThread1"         daemon [_thread_blocked, id=51732, stack(0x0000002f88300000,0x0000002f88400000) (1024K)]
  0x000001a8fd3058d0 JavaThread "C2 CompilerThread2"         daemon [_thread_blocked, id=49072, stack(0x0000002f8e900000,0x0000002f8ea00000) (1024K)]
  0x000001a88530b6f0 JavaThread "Build operations Thread 8"         [_thread_blocked, id=57708, stack(0x0000002f8f200000,0x0000002f8f300000) (1024K)]
  0x000001a88530de50 JavaThread "Dispatch org.gradle.api.internal.tasks.testing.results.AttachParentTestResultProcessor@68fec61a"        [_thread_blocked, id=28792, stack(0x0000002f8f300000,0x0000002f8f400000) (1024K)]
  0x000001a88530d7c0 JavaThread "Dispatch org.gradle.api.internal.tasks.testing.processors.RestartEveryNTestClassProcessor@51d11447"        [_thread_blocked, id=59188, stack(0x0000002f8f400000,0x0000002f8f500000) (1024K)]
  0x000001a88530c410 JavaThread "Incoming local TCP Connector on port 52955"        [_thread_in_native, id=40852, stack(0x0000002f8f500000,0x0000002f8f600000) (1024K)]
  0x000001a88530bd80 JavaThread "Exec process Thread 5"             [_thread_in_native, id=57628, stack(0x0000002f8f600000,0x0000002f8f700000) (1024K)]
  0x000001a88530e4e0 JavaThread "DisconnectableInputStream source reader" daemon [_thread_blocked, id=54868, stack(0x0000002f8f700000,0x0000002f8f800000) (1024K)]
  0x000001a88530b060 JavaThread "Exec process Thread 6"             [_thread_in_native, id=56112, stack(0x0000002f8f800000,0x0000002f8f900000) (1024K)]
  0x000001a885311ff0 JavaThread "Exec process Thread 7"             [_thread_in_native, id=54172, stack(0x0000002f8f900000,0x0000002f8fa00000) (1024K)]
  0x000001a88530ff20 JavaThread "Exec process Thread 8"             [_thread_in_native, id=60312, stack(0x0000002f8fa00000,0x0000002f8fb00000) (1024K)]
Total: 154

Other Threads:
  0x000001a8dfd7a180 VMThread "VM Thread"                           [id=51760, stack(0x0000002f85c00000,0x0000002f85d00000) (1024K)]
  0x000001a8dfd692b0 WatcherThread "VM Periodic Task Thread"        [id=38728, stack(0x0000002f85b00000,0x0000002f85c00000) (1024K)]
  0x000001a8c2c9c930 WorkerThread "GC Thread#0"                     [id=55568, stack(0x0000002f85600000,0x0000002f85700000) (1024K)]
  0x000001a8f96bac10 WorkerThread "GC Thread#1"                     [id=33216, stack(0x0000002f86800000,0x0000002f86900000) (1024K)]
  0x000001a8f96bafc0 WorkerThread "GC Thread#2"                     [id=60116, stack(0x0000002f86900000,0x0000002f86a00000) (1024K)]
  0x000001a8f96bb370 WorkerThread "GC Thread#3"                     [id=54560, stack(0x0000002f86a00000,0x0000002f86b00000) (1024K)]
  0x000001a8f96bb720 WorkerThread "GC Thread#4"                     [id=55076, stack(0x0000002f86b00000,0x0000002f86c00000) (1024K)]
  0x000001a8f96bbad0 WorkerThread "GC Thread#5"                     [id=49968, stack(0x0000002f86c00000,0x0000002f86d00000) (1024K)]
  0x000001a8fa80f0b0 WorkerThread "GC Thread#6"                     [id=53404, stack(0x0000002f87900000,0x0000002f87a00000) (1024K)]
  0x000001a8fa8106d0 WorkerThread "GC Thread#7"                     [id=18620, stack(0x0000002f87a00000,0x0000002f87b00000) (1024K)]
  0x000001a8c2cb1fb0 ConcurrentGCThread "G1 Main Marker"            [id=51644, stack(0x0000002f85700000,0x0000002f85800000) (1024K)]
  0x000001a8c2cb4020 WorkerThread "G1 Conc#0"                       [id=45212, stack(0x0000002f85800000,0x0000002f85900000) (1024K)]
  0x000001a8fc5c1b00 WorkerThread "G1 Conc#1"                       [id=42860, stack(0x0000002f87b00000,0x0000002f87c00000) (1024K)]
  0x000001a8dfc37a20 ConcurrentGCThread "G1 Refine#0"               [id=54900, stack(0x0000002f85900000,0x0000002f85a00000) (1024K)]
  0x000001a8dfc38250 ConcurrentGCThread "G1 Service"                [id=59072, stack(0x0000002f85a00000,0x0000002f85b00000) (1024K)]
Total: 15

Threads with active compile tasks:
C2 CompilerThread0  2771684 21628 %     4       org.gradle.api.internal.tasks.compile.incremental.deps.ClassSetAnalysisData::reduceToTypesAffecting @ 116 (578 bytes)
Total: 1

VM state: not at safepoint (normal execution)

VM Mutex/Monitor currently owned by a thread: None

Heap address: 0x00000000e0000000, size: 512 MB, Compressed Oops mode: 32-bit

CDS archive(s) mapped at: [0x000001a8e0000000-0x000001a8e0d70000-0x000001a8e0d70000), size 14090240, SharedBaseAddress: 0x000001a8e0000000, ArchiveRelocationMode: 1.
Compressed class space mapped at: 0x000001a8e1000000-0x000001a8f5000000, reserved size: 335544320
Narrow klass base: 0x000001a8e0000000, Narrow klass shift: 0, Narrow klass range: 0x15000000

GC Precious Log:
 CardTable entry size: 512
 Card Set container configuration: InlinePtr #cards 5 size 8 Array Of Cards #cards 10 size 36 Howl #buckets 4 coarsen threshold 1843 Howl Bitmap #cards 512 size 80 coarsen threshold 460 Card regions per heap region 1 cards per card region 2048
 CPUs: 8 total, 8 available
 Memory: 8035M
 Large Page Support: Disabled
 NUMA Support: Disabled
 Compressed Oops: Enabled (32-bit)
 Heap Region Size: 1M
 Heap Min Capacity: 256M
 Heap Initial Capacity: 256M
 Heap Max Capacity: 512M
 Pre-touch: Disabled
 Parallel Workers: 8
 Concurrent Workers: 2
 Concurrent Refinement Workers: 8
 Periodic GC: Disabled

Heap:
 garbage-first heap   total reserved 524288K, committed 263168K, used 175611K [0x00000000e0000000, 0x0000000100000000)
  region size 1024K, 65 young (66560K), 7 survivors (7168K)
 Metaspace       used 87066K, committed 91008K, reserved 458752K
  class space    used 11662K, committed 13440K, reserved 327680K

Heap Regions: E=young(eden), S=young(survivor), O=old, HS=humongous(starts), HC=humongous(continues), CS=collection set, F=free, TAMS=top-at-mark-start, PB=parsable bottom
|   0|0x00000000e0000000, 0x00000000e0100000, 0x00000000e0100000|100%| O|  |TAMS 0x00000000e0000000| PB 0x00000000e0000000| Untracked |  0
|   1|0x00000000e0100000, 0x00000000e0200000, 0x00000000e0200000|100%|HS|  |TAMS 0x00000000e0100000| PB 0x00000000e0100000| Complete |  0
|   2|0x00000000e0200000, 0x00000000e0300000, 0x00000000e0300000|100%|HC|  |TAMS 0x00000000e0200000| PB 0x00000000e0200000| Complete |  0
|   3|0x00000000e0300000, 0x00000000e0400000, 0x00000000e0400000|100%|HC|  |TAMS 0x00000000e0300000| PB 0x00000000e0300000| Complete |  0
|   4|0x00000000e0400000, 0x00000000e0500000, 0x00000000e0500000|100%| O|  |TAMS 0x00000000e0400000| PB 0x00000000e0400000| Untracked |  0
|   5|0x00000000e0500000, 0x00000000e0600000, 0x00000000e0600000|100%| O|  |TAMS 0x00000000e0500000| PB 0x00000000e0500000| Untracked |  0
|   6|0x00000000e0600000, 0x00000000e0700000, 0x00000000e0700000|100%| O|  |TAMS 0x00000000e0600000| PB 0x00000000e0600000| Untracked |  0
|   7|0x00000000e0700000, 0x00000000e0800000, 0x00000000e0800000|100%| O|  |TAMS 0x00000000e0700000| PB 0x00000000e0700000| Untracked |  0
|   8|0x00000000e0800000, 0x00000000e0900000, 0x00000000e0900000|100%|HS|  |TAMS 0x00000000e0800000| PB 0x00000000e0800000| Complete |  0
|   9|0x00000000e0900000, 0x00000000e0a00000, 0x00000000e0a00000|100%| O|  |TAMS 0x00000000e0900000| PB 0x00000000e0900000| Untracked |  0
|  10|0x00000000e0a00000, 0x00000000e0b00000, 0x00000000e0b00000|100%| O|  |TAMS 0x00000000e0a00000| PB 0x00000000e0a00000| Untracked |  0
|  11|0x00000000e0b00000, 0x00000000e0c00000, 0x00000000e0c00000|100%| O|  |TAMS 0x00000000e0b00000| PB 0x00000000e0b00000| Untracked |  0
|  12|0x00000000e0c00000, 0x00000000e0d00000, 0x00000000e0d00000|100%| O|  |TAMS 0x00000000e0c00000| PB 0x00000000e0c00000| Untracked |  0
|  13|0x00000000e0d00000, 0x00000000e0e00000, 0x00000000e0e00000|100%| O|  |TAMS 0x00000000e0d00000| PB 0x00000000e0d00000| Untracked |  0
|  14|0x00000000e0e00000, 0x00000000e0f00000, 0x00000000e0f00000|100%| O|  |TAMS 0x00000000e0e00000| PB 0x00000000e0e00000| Untracked |  0
|  15|0x00000000e0f00000, 0x00000000e1000000, 0x00000000e1000000|100%| O|  |TAMS 0x00000000e0f00000| PB 0x00000000e0f00000| Untracked |  0
|  16|0x00000000e1000000, 0x00000000e1100000, 0x00000000e1100000|100%| O|  |TAMS 0x00000000e1000000| PB 0x00000000e1000000| Untracked |  0
|  17|0x00000000e1100000, 0x00000000e1200000, 0x00000000e1200000|100%| O|  |TAMS 0x00000000e1100000| PB 0x00000000e1100000| Untracked |  0
|  18|0x00000000e1200000, 0x00000000e1300000, 0x00000000e1300000|100%| O|  |TAMS 0x00000000e1200000| PB 0x00000000e1200000| Untracked |  0
|  19|0x00000000e1300000, 0x00000000e1400000, 0x00000000e1400000|100%| O|  |TAMS 0x00000000e1300000| PB 0x00000000e1300000| Untracked |  0
|  20|0x00000000e1400000, 0x00000000e1500000, 0x00000000e1500000|100%| O|  |TAMS 0x00000000e1400000| PB 0x00000000e1400000| Untracked |  0
|  21|0x00000000e1500000, 0x00000000e1600000, 0x00000000e1600000|100%| O|Cm|TAMS 0x00000000e1500000| PB 0x00000000e1500000| Complete |  0
|  22|0x00000000e1600000, 0x00000000e1700000, 0x00000000e1700000|100%| O|  |TAMS 0x00000000e1600000| PB 0x00000000e1600000| Untracked |  0
|  23|0x00000000e1700000, 0x00000000e1800000, 0x00000000e1800000|100%| O|  |TAMS 0x00000000e1700000| PB 0x00000000e1700000| Untracked |  0
|  24|0x00000000e1800000, 0x00000000e1900000, 0x00000000e1900000|100%| O|  |TAMS 0x00000000e1800000| PB 0x00000000e1800000| Untracked |  0
|  25|0x00000000e1900000, 0x00000000e1a00000, 0x00000000e1a00000|100%| O|  |TAMS 0x00000000e1900000| PB 0x00000000e1900000| Untracked |  0
|  26|0x00000000e1a00000, 0x00000000e1b00000, 0x00000000e1b00000|100%| O|  |TAMS 0x00000000e1a00000| PB 0x00000000e1a00000| Untracked |  0
|  27|0x00000000e1b00000, 0x00000000e1c00000, 0x00000000e1c00000|100%| O|  |TAMS 0x00000000e1b00000| PB 0x00000000e1b00000| Untracked |  0
|  28|0x00000000e1c00000, 0x00000000e1d00000, 0x00000000e1d00000|100%| O|  |TAMS 0x00000000e1c00000| PB 0x00000000e1c00000| Untracked |  0
|  29|0x00000000e1d00000, 0x00000000e1e00000, 0x00000000e1e00000|100%| O|  |TAMS 0x00000000e1d00000| PB 0x00000000e1d00000| Untracked |  0
|  30|0x00000000e1e00000, 0x00000000e1f00000, 0x00000000e1f00000|100%| O|  |TAMS 0x00000000e1e00000| PB 0x00000000e1e00000| Untracked |  0
|  31|0x00000000e1f00000, 0x00000000e2000000, 0x00000000e2000000|100%| O|  |TAMS 0x00000000e1f00000| PB 0x00000000e1f00000| Untracked |  0
|  32|0x00000000e2000000, 0x00000000e2100000, 0x00000000e2100000|100%| O|  |TAMS 0x00000000e2000000| PB 0x00000000e2000000| Untracked |  0
|  33|0x00000000e2100000, 0x00000000e2200000, 0x00000000e2200000|100%| O|  |TAMS 0x00000000e2100000| PB 0x00000000e2100000| Untracked |  0
|  34|0x00000000e2200000, 0x00000000e2300000, 0x00000000e2300000|100%| O|Cm|TAMS 0x00000000e2200000| PB 0x00000000e2200000| Complete |  0
|  35|0x00000000e2300000, 0x00000000e2400000, 0x00000000e2400000|100%| O|  |TAMS 0x00000000e2300000| PB 0x00000000e2300000| Untracked |  0
|  36|0x00000000e2400000, 0x00000000e2500000, 0x00000000e2500000|100%| O|  |TAMS 0x00000000e2400000| PB 0x00000000e2400000| Untracked |  0
|  37|0x00000000e2500000, 0x00000000e2600000, 0x00000000e2600000|100%| O|  |TAMS 0x00000000e2500000| PB 0x00000000e2500000| Untracked |  0
|  38|0x00000000e2600000, 0x00000000e2700000, 0x00000000e2700000|100%| O|  |TAMS 0x00000000e2600000| PB 0x00000000e2600000| Untracked |  0
|  39|0x00000000e2700000, 0x00000000e2800000, 0x00000000e2800000|100%| O|  |TAMS 0x00000000e2700000| PB 0x00000000e2700000| Untracked |  0
|  40|0x00000000e2800000, 0x00000000e2900000, 0x00000000e2900000|100%| O|Cm|TAMS 0x00000000e2800000| PB 0x00000000e2800000| Complete |  0
|  41|0x00000000e2900000, 0x00000000e2a00000, 0x00000000e2a00000|100%| O|  |TAMS 0x00000000e2900000| PB 0x00000000e2900000| Untracked |  0
|  42|0x00000000e2a00000, 0x00000000e2b00000, 0x00000000e2b00000|100%| O|  |TAMS 0x00000000e2a00000| PB 0x00000000e2a00000| Untracked |  0
|  43|0x00000000e2b00000, 0x00000000e2c00000, 0x00000000e2c00000|100%| O|  |TAMS 0x00000000e2b00000| PB 0x00000000e2b00000| Untracked |  0
|  44|0x00000000e2c00000, 0x00000000e2d00000, 0x00000000e2d00000|100%| O|Cm|TAMS 0x00000000e2c00000| PB 0x00000000e2c00000| Complete |  0
|  45|0x00000000e2d00000, 0x00000000e2e00000, 0x00000000e2e00000|100%| O|Cm|TAMS 0x00000000e2d00000| PB 0x00000000e2d00000| Complete |  0
|  46|0x00000000e2e00000, 0x00000000e2f00000, 0x00000000e2f00000|100%| O|  |TAMS 0x00000000e2e00000| PB 0x00000000e2e00000| Untracked |  0
|  47|0x00000000e2f00000, 0x00000000e3000000, 0x00000000e3000000|100%| O|Cm|TAMS 0x00000000e2f00000| PB 0x00000000e2f00000| Complete |  0
|  48|0x00000000e3000000, 0x00000000e3100000, 0x00000000e3100000|100%| O|Cm|TAMS 0x00000000e3000000| PB 0x00000000e3000000| Complete |  0
|  49|0x00000000e3100000, 0x00000000e3200000, 0x00000000e3200000|100%| O|Cm|TAMS 0x00000000e3100000| PB 0x00000000e3100000| Complete |  0
|  50|0x00000000e3200000, 0x00000000e3300000, 0x00000000e3300000|100%| O|  |TAMS 0x00000000e3200000| PB 0x00000000e3200000| Untracked |  0
|  51|0x00000000e3300000, 0x00000000e3400000, 0x00000000e3400000|100%| O|  |TAMS 0x00000000e3300000| PB 0x00000000e3300000| Untracked |  0
|  52|0x00000000e3400000, 0x00000000e3500000, 0x00000000e3500000|100%| O|  |TAMS 0x00000000e3400000| PB 0x00000000e3400000| Untracked |  0
|  53|0x00000000e3500000, 0x00000000e3600000, 0x00000000e3600000|100%| O|Cm|TAMS 0x00000000e3500000| PB 0x00000000e3500000| Complete |  0
|  54|0x00000000e3600000, 0x00000000e3700000, 0x00000000e3700000|100%| O|  |TAMS 0x00000000e3600000| PB 0x00000000e3600000| Untracked |  0
|  55|0x00000000e3700000, 0x00000000e3800000, 0x00000000e3800000|100%| O|  |TAMS 0x00000000e3700000| PB 0x00000000e3700000| Untracked |  0
|  56|0x00000000e3800000, 0x00000000e387ee40, 0x00000000e3900000| 49%| O|  |TAMS 0x00000000e3800000| PB 0x00000000e3800000| Untracked |  0
|  57|0x00000000e3900000, 0x00000000e3a00000, 0x00000000e3a00000|100%|HS|  |TAMS 0x00000000e3900000| PB 0x00000000e3900000| Complete |  0
|  58|0x00000000e3a00000, 0x00000000e3b00000, 0x00000000e3b00000|100%| O|  |TAMS 0x00000000e3a00000| PB 0x00000000e3a00000| Untracked |  0
|  59|0x00000000e3b00000, 0x00000000e3c00000, 0x00000000e3c00000|100%|HS|  |TAMS 0x00000000e3b00000| PB 0x00000000e3b00000| Complete |  0
|  60|0x00000000e3c00000, 0x00000000e3d00000, 0x00000000e3d00000|100%|HS|  |TAMS 0x00000000e3c00000| PB 0x00000000e3c00000| Complete |  0
|  61|0x00000000e3d00000, 0x00000000e3d00000, 0x00000000e3e00000|  0%| F|  |TAMS 0x00000000e3d00000| PB 0x00000000e3d00000| Untracked |  0
|  62|0x00000000e3e00000, 0x00000000e3f00000, 0x00000000e3f00000|100%| O|Cm|TAMS 0x00000000e3e00000| PB 0x00000000e3e00000| Complete |  0
|  63|0x00000000e3f00000, 0x00000000e4000000, 0x00000000e4000000|100%| O|Cm|TAMS 0x00000000e3f00000| PB 0x00000000e3f00000| Complete |  0
|  64|0x00000000e4000000, 0x00000000e4100000, 0x00000000e4100000|100%| O|  |TAMS 0x00000000e4000000| PB 0x00000000e4000000| Untracked |  0
|  65|0x00000000e4100000, 0x00000000e4200000, 0x00000000e4200000|100%| O|Cm|TAMS 0x00000000e4100000| PB 0x00000000e4100000| Complete |  0
|  66|0x00000000e4200000, 0x00000000e4200000, 0x00000000e4300000|  0%| F|  |TAMS 0x00000000e4200000| PB 0x00000000e4200000| Untracked |  0
|  67|0x00000000e4300000, 0x00000000e4400000, 0x00000000e4400000|100%| O|Cm|TAMS 0x00000000e4300000| PB 0x00000000e4300000| Complete |  0
|  68|0x00000000e4400000, 0x00000000e4400000, 0x00000000e4500000|  0%| F|  |TAMS 0x00000000e4400000| PB 0x00000000e4400000| Untracked |  0
|  69|0x00000000e4500000, 0x00000000e4500000, 0x00000000e4600000|  0%| F|  |TAMS 0x00000000e4500000| PB 0x00000000e4500000| Untracked |  0
|  70|0x00000000e4600000, 0x00000000e4700000, 0x00000000e4700000|100%| O|  |TAMS 0x00000000e4600000| PB 0x00000000e4600000| Untracked |  0
|  71|0x00000000e4700000, 0x00000000e4700000, 0x00000000e4800000|  0%| F|  |TAMS 0x00000000e4700000| PB 0x00000000e4700000| Untracked |  0
|  72|0x00000000e4800000, 0x00000000e4800000, 0x00000000e4900000|  0%| F|  |TAMS 0x00000000e4800000| PB 0x00000000e4800000| Untracked |  0
|  73|0x00000000e4900000, 0x00000000e4900000, 0x00000000e4a00000|  0%| F|  |TAMS 0x00000000e4900000| PB 0x00000000e4900000| Untracked |  0
|  74|0x00000000e4a00000, 0x00000000e4b00000, 0x00000000e4b00000|100%| O|Cm|TAMS 0x00000000e4a00000| PB 0x00000000e4a00000| Complete |  0
|  75|0x00000000e4b00000, 0x00000000e4b00000, 0x00000000e4c00000|  0%| F|  |TAMS 0x00000000e4b00000| PB 0x00000000e4b00000| Untracked |  0
|  76|0x00000000e4c00000, 0x00000000e4c00000, 0x00000000e4d00000|  0%| F|  |TAMS 0x00000000e4c00000| PB 0x00000000e4c00000| Untracked |  0
|  77|0x00000000e4d00000, 0x00000000e4e00000, 0x00000000e4e00000|100%| O|Cm|TAMS 0x00000000e4d00000| PB 0x00000000e4d00000| Complete |  0
|  78|0x00000000e4e00000, 0x00000000e4e00000, 0x00000000e4f00000|  0%| F|  |TAMS 0x00000000e4e00000| PB 0x00000000e4e00000| Untracked |  0
|  79|0x00000000e4f00000, 0x00000000e5000000, 0x00000000e5000000|100%| O|Cm|TAMS 0x00000000e4f00000| PB 0x00000000e4f00000| Complete |  0
|  80|0x00000000e5000000, 0x00000000e5100000, 0x00000000e5100000|100%| O|  |TAMS 0x00000000e5000000| PB 0x00000000e5000000| Untracked |  0
|  81|0x00000000e5100000, 0x00000000e5100000, 0x00000000e5200000|  0%| F|  |TAMS 0x00000000e5100000| PB 0x00000000e5100000| Untracked |  0
|  82|0x00000000e5200000, 0x00000000e5200000, 0x00000000e5300000|  0%| F|  |TAMS 0x00000000e5200000| PB 0x00000000e5200000| Untracked |  0
|  83|0x00000000e5300000, 0x00000000e5300000, 0x00000000e5400000|  0%| F|  |TAMS 0x00000000e5300000| PB 0x00000000e5300000| Untracked |  0
|  84|0x00000000e5400000, 0x00000000e5400000, 0x00000000e5500000|  0%| F|  |TAMS 0x00000000e5400000| PB 0x00000000e5400000| Untracked |  0
|  85|0x00000000e5500000, 0x00000000e5500000, 0x00000000e5600000|  0%| F|  |TAMS 0x00000000e5500000| PB 0x00000000e5500000| Untracked |  0
|  86|0x00000000e5600000, 0x00000000e5700000, 0x00000000e5700000|100%| O|Cm|TAMS 0x00000000e5600000| PB 0x00000000e5600000| Complete |  0
|  87|0x00000000e5700000, 0x00000000e5700000, 0x00000000e5800000|  0%| F|  |TAMS 0x00000000e5700000| PB 0x00000000e5700000| Untracked |  0
|  88|0x00000000e5800000, 0x00000000e5900000, 0x00000000e5900000|100%| O|Cm|TAMS 0x00000000e5800000| PB 0x00000000e5800000| Complete |  0
|  89|0x00000000e5900000, 0x00000000e5a00000, 0x00000000e5a00000|100%| O|  |TAMS 0x00000000e5900000| PB 0x00000000e5900000| Untracked |  0
|  90|0x00000000e5a00000, 0x00000000e5b00000, 0x00000000e5b00000|100%| O|  |TAMS 0x00000000e5a00000| PB 0x00000000e5a00000| Untracked |  0
|  91|0x00000000e5b00000, 0x00000000e5c00000, 0x00000000e5c00000|100%| O|  |TAMS 0x00000000e5b00000| PB 0x00000000e5b00000| Untracked |  0
|  92|0x00000000e5c00000, 0x00000000e5d00000, 0x00000000e5d00000|100%| O|  |TAMS 0x00000000e5c00000| PB 0x00000000e5c00000| Untracked |  0
|  93|0x00000000e5d00000, 0x00000000e5e00000, 0x00000000e5e00000|100%| O|  |TAMS 0x00000000e5d00000| PB 0x00000000e5d00000| Untracked |  0
|  94|0x00000000e5e00000, 0x00000000e5f00000, 0x00000000e5f00000|100%| O|  |TAMS 0x00000000e5e00000| PB 0x00000000e5e00000| Untracked |  0
|  95|0x00000000e5f00000, 0x00000000e5f00000, 0x00000000e6000000|  0%| F|  |TAMS 0x00000000e5f00000| PB 0x00000000e5f00000| Untracked |  0
|  96|0x00000000e6000000, 0x00000000e6100000, 0x00000000e6100000|100%| O|Cm|TAMS 0x00000000e6000000| PB 0x00000000e6000000| Complete |  0
|  97|0x00000000e6100000, 0x00000000e6200000, 0x00000000e6200000|100%| O|  |TAMS 0x00000000e6100000| PB 0x00000000e6100000| Untracked |  0
|  98|0x00000000e6200000, 0x00000000e6300000, 0x00000000e6300000|100%| O|  |TAMS 0x00000000e6200000| PB 0x00000000e6200000| Untracked |  0
|  99|0x00000000e6300000, 0x00000000e6400000, 0x00000000e6400000|100%| O|  |TAMS 0x00000000e6300000| PB 0x00000000e6300000| Untracked |  0
| 100|0x00000000e6400000, 0x00000000e6500000, 0x00000000e6500000|100%| O|Cm|TAMS 0x00000000e6400000| PB 0x00000000e6400000| Complete |  0
| 101|0x00000000e6500000, 0x00000000e6600000, 0x00000000e6600000|100%| O|  |TAMS 0x00000000e6500000| PB 0x00000000e6500000| Untracked |  0
| 102|0x00000000e6600000, 0x00000000e6700000, 0x00000000e6700000|100%| O|Cm|TAMS 0x00000000e6600000| PB 0x00000000e6600000| Complete |  0
| 103|0x00000000e6700000, 0x00000000e6800000, 0x00000000e6800000|100%| O|  |TAMS 0x00000000e6700000| PB 0x00000000e6700000| Untracked |  0
| 104|0x00000000e6800000, 0x00000000e6900000, 0x00000000e6900000|100%| O|  |TAMS 0x00000000e6800000| PB 0x00000000e6800000| Untracked |  0
| 105|0x00000000e6900000, 0x00000000e6a00000, 0x00000000e6a00000|100%| O|Cm|TAMS 0x00000000e6900000| PB 0x00000000e6900000| Complete |  0
| 106|0x00000000e6a00000, 0x00000000e6b00000, 0x00000000e6b00000|100%| O|Cm|TAMS 0x00000000e6a00000| PB 0x00000000e6a00000| Complete |  0
| 107|0x00000000e6b00000, 0x00000000e6c00000, 0x00000000e6c00000|100%| O|Cm|TAMS 0x00000000e6b00000| PB 0x00000000e6b00000| Complete |  0
| 108|0x00000000e6c00000, 0x00000000e6c00000, 0x00000000e6d00000|  0%| F|  |TAMS 0x00000000e6c00000| PB 0x00000000e6c00000| Untracked |  0
| 109|0x00000000e6d00000, 0x00000000e6d00000, 0x00000000e6e00000|  0%| F|  |TAMS 0x00000000e6d00000| PB 0x00000000e6d00000| Untracked |  0
| 110|0x00000000e6e00000, 0x00000000e6e00000, 0x00000000e6f00000|  0%| F|  |TAMS 0x00000000e6e00000| PB 0x00000000e6e00000| Untracked |  0
| 111|0x00000000e6f00000, 0x00000000e6f00000, 0x00000000e7000000|  0%| F|  |TAMS 0x00000000e6f00000| PB 0x00000000e6f00000| Untracked |  0
| 112|0x00000000e7000000, 0x00000000e7100000, 0x00000000e7100000|100%| O|  |TAMS 0x00000000e7000000| PB 0x00000000e7000000| Untracked |  0
| 113|0x00000000e7100000, 0x00000000e7100000, 0x00000000e7200000|  0%| F|  |TAMS 0x00000000e7100000| PB 0x00000000e7100000| Untracked |  0
| 114|0x00000000e7200000, 0x00000000e7200000, 0x00000000e7300000|  0%| F|  |TAMS 0x00000000e7200000| PB 0x00000000e7200000| Untracked |  0
| 115|0x00000000e7300000, 0x00000000e7300000, 0x00000000e7400000|  0%| F|  |TAMS 0x00000000e7300000| PB 0x00000000e7300000| Untracked |  0
| 116|0x00000000e7400000, 0x00000000e7500000, 0x00000000e7500000|100%| O|Cm|TAMS 0x00000000e7400000| PB 0x00000000e7400000| Complete |  0
| 117|0x00000000e7500000, 0x00000000e7600000, 0x00000000e7600000|100%| O|  |TAMS 0x00000000e7500000| PB 0x00000000e7500000| Untracked |  0
| 118|0x00000000e7600000, 0x00000000e7600000, 0x00000000e7700000|  0%| F|  |TAMS 0x00000000e7600000| PB 0x00000000e7600000| Untracked |  0
| 119|0x00000000e7700000, 0x00000000e7700000, 0x00000000e7800000|  0%| F|  |TAMS 0x00000000e7700000| PB 0x00000000e7700000| Untracked |  0
| 120|0x00000000e7800000, 0x00000000e7800000, 0x00000000e7900000|  0%| F|  |TAMS 0x00000000e7800000| PB 0x00000000e7800000| Untracked |  0
| 121|0x00000000e7900000, 0x00000000e7900000, 0x00000000e7a00000|  0%| F|  |TAMS 0x00000000e7900000| PB 0x00000000e7900000| Untracked |  0
| 122|0x00000000e7a00000, 0x00000000e7a00000, 0x00000000e7b00000|  0%| F|  |TAMS 0x00000000e7a00000| PB 0x00000000e7a00000| Untracked |  0
| 123|0x00000000e7b00000, 0x00000000e7c00000, 0x00000000e7c00000|100%| O|  |TAMS 0x00000000e7b00000| PB 0x00000000e7b00000| Untracked |  0
| 124|0x00000000e7c00000, 0x00000000e7d00000, 0x00000000e7d00000|100%| O|  |TAMS 0x00000000e7c00000| PB 0x00000000e7c00000| Untracked |  0
| 125|0x00000000e7d00000, 0x00000000e7e00000, 0x00000000e7e00000|100%| O|  |TAMS 0x00000000e7d00000| PB 0x00000000e7d00000| Untracked |  0
| 126|0x00000000e7e00000, 0x00000000e7f00000, 0x00000000e7f00000|100%| O|  |TAMS 0x00000000e7e00000| PB 0x00000000e7e00000| Untracked |  0
| 127|0x00000000e7f00000, 0x00000000e8000000, 0x00000000e8000000|100%| O|  |TAMS 0x00000000e7f00000| PB 0x00000000e7f00000| Untracked |  0
| 128|0x00000000e8000000, 0x00000000e8100000, 0x00000000e8100000|100%| O|  |TAMS 0x00000000e8000000| PB 0x00000000e8000000| Untracked |  0
| 129|0x00000000e8100000, 0x00000000e8200000, 0x00000000e8200000|100%| O|  |TAMS 0x00000000e8100000| PB 0x00000000e8100000| Untracked |  0
| 130|0x00000000e8200000, 0x00000000e8300000, 0x00000000e8300000|100%| O|  |TAMS 0x00000000e8200000| PB 0x00000000e8200000| Untracked |  0
| 131|0x00000000e8300000, 0x00000000e8400000, 0x00000000e8400000|100%| O|  |TAMS 0x00000000e8300000| PB 0x00000000e8300000| Untracked |  0
| 132|0x00000000e8400000, 0x00000000e8500000, 0x00000000e8500000|100%| O|  |TAMS 0x00000000e8400000| PB 0x00000000e8400000| Untracked |  0
| 133|0x00000000e8500000, 0x00000000e8600000, 0x00000000e8600000|100%| O|  |TAMS 0x00000000e8500000| PB 0x00000000e8500000| Untracked |  0
| 134|0x00000000e8600000, 0x00000000e8700000, 0x00000000e8700000|100%| O|Cm|TAMS 0x00000000e8600000| PB 0x00000000e8600000| Complete |  0
| 135|0x00000000e8700000, 0x00000000e8800000, 0x00000000e8800000|100%| O|  |TAMS 0x00000000e8700000| PB 0x00000000e8700000| Untracked |  0
| 136|0x00000000e8800000, 0x00000000e8900000, 0x00000000e8900000|100%| O|Cm|TAMS 0x00000000e8800000| PB 0x00000000e8800000| Complete |  0
| 137|0x00000000e8900000, 0x00000000e8900000, 0x00000000e8a00000|  0%| F|  |TAMS 0x00000000e8900000| PB 0x00000000e8900000| Untracked |  0
| 138|0x00000000e8a00000, 0x00000000e8a00000, 0x00000000e8b00000|  0%| F|  |TAMS 0x00000000e8a00000| PB 0x00000000e8a00000| Untracked |  0
| 139|0x00000000e8b00000, 0x00000000e8b00000, 0x00000000e8c00000|  0%| F|  |TAMS 0x00000000e8b00000| PB 0x00000000e8b00000| Untracked |  0
| 140|0x00000000e8c00000, 0x00000000e8c00000, 0x00000000e8d00000|  0%| F|  |TAMS 0x00000000e8c00000| PB 0x00000000e8c00000| Untracked |  0
| 141|0x00000000e8d00000, 0x00000000e8d00000, 0x00000000e8e00000|  0%| F|  |TAMS 0x00000000e8d00000| PB 0x00000000e8d00000| Untracked |  0
| 142|0x00000000e8e00000, 0x00000000e8e00000, 0x00000000e8f00000|  0%| F|  |TAMS 0x00000000e8e00000| PB 0x00000000e8e00000| Untracked |  0
| 143|0x00000000e8f00000, 0x00000000e8f00000, 0x00000000e9000000|  0%| F|  |TAMS 0x00000000e8f00000| PB 0x00000000e8f00000| Untracked |  0
| 144|0x00000000e9000000, 0x00000000e9000000, 0x00000000e9100000|  0%| F|  |TAMS 0x00000000e9000000| PB 0x00000000e9000000| Untracked |  0
| 145|0x00000000e9100000, 0x00000000e9100000, 0x00000000e9200000|  0%| F|  |TAMS 0x00000000e9100000| PB 0x00000000e9100000| Untracked |  0
| 146|0x00000000e9200000, 0x00000000e9200000, 0x00000000e9300000|  0%| F|  |TAMS 0x00000000e9200000| PB 0x00000000e9200000| Untracked |  0
| 147|0x00000000e9300000, 0x00000000e9300000, 0x00000000e9400000|  0%| F|  |TAMS 0x00000000e9300000| PB 0x00000000e9300000| Untracked |  0
| 148|0x00000000e9400000, 0x00000000e9400000, 0x00000000e9500000|  0%| F|  |TAMS 0x00000000e9400000| PB 0x00000000e9400000| Untracked |  0
| 149|0x00000000e9500000, 0x00000000e9500000, 0x00000000e9600000|  0%| F|  |TAMS 0x00000000e9500000| PB 0x00000000e9500000| Untracked |  0
| 150|0x00000000e9600000, 0x00000000e9600000, 0x00000000e9700000|  0%| F|  |TAMS 0x00000000e9600000| PB 0x00000000e9600000| Untracked |  0
| 151|0x00000000e9700000, 0x00000000e9700000, 0x00000000e9800000|  0%| F|  |TAMS 0x00000000e9700000| PB 0x00000000e9700000| Untracked |  0
| 152|0x00000000e9800000, 0x00000000e9800000, 0x00000000e9900000|  0%| F|  |TAMS 0x00000000e9800000| PB 0x00000000e9800000| Untracked |  0
| 153|0x00000000e9900000, 0x00000000e9900000, 0x00000000e9a00000|  0%| F|  |TAMS 0x00000000e9900000| PB 0x00000000e9900000| Untracked |  0
| 154|0x00000000e9a00000, 0x00000000e9a00000, 0x00000000e9b00000|  0%| F|  |TAMS 0x00000000e9a00000| PB 0x00000000e9a00000| Untracked |  0
| 155|0x00000000e9b00000, 0x00000000e9b00000, 0x00000000e9c00000|  0%| F|  |TAMS 0x00000000e9b00000| PB 0x00000000e9b00000| Untracked |  0
| 156|0x00000000e9c00000, 0x00000000e9c00000, 0x00000000e9d00000|  0%| F|  |TAMS 0x00000000e9c00000| PB 0x00000000e9c00000| Untracked |  0
| 157|0x00000000e9d00000, 0x00000000e9d00000, 0x00000000e9e00000|  0%| F|  |TAMS 0x00000000e9d00000| PB 0x00000000e9d00000| Untracked |  0
| 158|0x00000000e9e00000, 0x00000000e9e00000, 0x00000000e9f00000|  0%| F|  |TAMS 0x00000000e9e00000| PB 0x00000000e9e00000| Untracked |  0
| 159|0x00000000e9f00000, 0x00000000e9f00000, 0x00000000ea000000|  0%| F|  |TAMS 0x00000000e9f00000| PB 0x00000000e9f00000| Untracked |  0
| 160|0x00000000ea000000, 0x00000000ea000000, 0x00000000ea100000|  0%| F|  |TAMS 0x00000000ea000000| PB 0x00000000ea000000| Untracked |  0
| 161|0x00000000ea100000, 0x00000000ea100000, 0x00000000ea200000|  0%| F|  |TAMS 0x00000000ea100000| PB 0x00000000ea100000| Untracked |  0
| 162|0x00000000ea200000, 0x00000000ea200000, 0x00000000ea300000|  0%| F|  |TAMS 0x00000000ea200000| PB 0x00000000ea200000| Untracked |  0
| 163|0x00000000ea300000, 0x00000000ea300000, 0x00000000ea400000|  0%| F|  |TAMS 0x00000000ea300000| PB 0x00000000ea300000| Untracked |  0
| 164|0x00000000ea400000, 0x00000000ea400000, 0x00000000ea500000|  0%| F|  |TAMS 0x00000000ea400000| PB 0x00000000ea400000| Untracked |  0
| 165|0x00000000ea500000, 0x00000000ea500000, 0x00000000ea600000|  0%| F|  |TAMS 0x00000000ea500000| PB 0x00000000ea500000| Untracked |  0
| 166|0x00000000ea600000, 0x00000000ea600000, 0x00000000ea700000|  0%| F|  |TAMS 0x00000000ea600000| PB 0x00000000ea600000| Untracked |  0
| 167|0x00000000ea700000, 0x00000000ea700000, 0x00000000ea800000|  0%| F|  |TAMS 0x00000000ea700000| PB 0x00000000ea700000| Untracked |  0
| 168|0x00000000ea800000, 0x00000000ea800000, 0x00000000ea900000|  0%| F|  |TAMS 0x00000000ea800000| PB 0x00000000ea800000| Untracked |  0
| 169|0x00000000ea900000, 0x00000000ea900000, 0x00000000eaa00000|  0%| F|  |TAMS 0x00000000ea900000| PB 0x00000000ea900000| Untracked |  0
| 170|0x00000000eaa00000, 0x00000000eaa00000, 0x00000000eab00000|  0%| F|  |TAMS 0x00000000eaa00000| PB 0x00000000eaa00000| Untracked |  0
| 171|0x00000000eab00000, 0x00000000eab00000, 0x00000000eac00000|  0%| F|  |TAMS 0x00000000eab00000| PB 0x00000000eab00000| Untracked |  0
| 172|0x00000000eac00000, 0x00000000eac00000, 0x00000000ead00000|  0%| F|  |TAMS 0x00000000eac00000| PB 0x00000000eac00000| Untracked |  0
| 173|0x00000000ead00000, 0x00000000ead00000, 0x00000000eae00000|  0%| F|  |TAMS 0x00000000ead00000| PB 0x00000000ead00000| Untracked |  0
| 174|0x00000000eae00000, 0x00000000eae00000, 0x00000000eaf00000|  0%| F|  |TAMS 0x00000000eae00000| PB 0x00000000eae00000| Untracked |  0
| 175|0x00000000eaf00000, 0x00000000eaf00000, 0x00000000eb000000|  0%| F|  |TAMS 0x00000000eaf00000| PB 0x00000000eaf00000| Untracked |  0
| 176|0x00000000eb000000, 0x00000000eb000000, 0x00000000eb100000|  0%| F|  |TAMS 0x00000000eb000000| PB 0x00000000eb000000| Untracked |  0
| 177|0x00000000eb100000, 0x00000000eb100000, 0x00000000eb200000|  0%| F|  |TAMS 0x00000000eb100000| PB 0x00000000eb100000| Untracked |  0
| 178|0x00000000eb200000, 0x00000000eb200000, 0x00000000eb300000|  0%| F|  |TAMS 0x00000000eb200000| PB 0x00000000eb200000| Untracked |  0
| 179|0x00000000eb300000, 0x00000000eb300000, 0x00000000eb400000|  0%| F|  |TAMS 0x00000000eb300000| PB 0x00000000eb300000| Untracked |  0
| 180|0x00000000eb400000, 0x00000000eb400000, 0x00000000eb500000|  0%| F|  |TAMS 0x00000000eb400000| PB 0x00000000eb400000| Untracked |  0
| 181|0x00000000eb500000, 0x00000000eb500000, 0x00000000eb600000|  0%| F|  |TAMS 0x00000000eb500000| PB 0x00000000eb500000| Untracked |  0
| 182|0x00000000eb600000, 0x00000000eb600000, 0x00000000eb700000|  0%| F|  |TAMS 0x00000000eb600000| PB 0x00000000eb600000| Untracked |  0
| 183|0x00000000eb700000, 0x00000000eb700000, 0x00000000eb800000|  0%| F|  |TAMS 0x00000000eb700000| PB 0x00000000eb700000| Untracked |  0
| 184|0x00000000eb800000, 0x00000000eb800000, 0x00000000eb900000|  0%| F|  |TAMS 0x00000000eb800000| PB 0x00000000eb800000| Untracked |  0
| 185|0x00000000eb900000, 0x00000000eb900000, 0x00000000eba00000|  0%| F|  |TAMS 0x00000000eb900000| PB 0x00000000eb900000| Untracked |  0
| 186|0x00000000eba00000, 0x00000000eba00000, 0x00000000ebb00000|  0%| F|  |TAMS 0x00000000eba00000| PB 0x00000000eba00000| Untracked |  0
| 187|0x00000000ebb00000, 0x00000000ebb00000, 0x00000000ebc00000|  0%| F|  |TAMS 0x00000000ebb00000| PB 0x00000000ebb00000| Untracked |  0
| 188|0x00000000ebc00000, 0x00000000ebc00000, 0x00000000ebd00000|  0%| F|  |TAMS 0x00000000ebc00000| PB 0x00000000ebc00000| Untracked |  0
| 189|0x00000000ebd00000, 0x00000000ebd00000, 0x00000000ebe00000|  0%| F|  |TAMS 0x00000000ebd00000| PB 0x00000000ebd00000| Untracked |  0
| 190|0x00000000ebe00000, 0x00000000ebe00000, 0x00000000ebf00000|  0%| F|  |TAMS 0x00000000ebe00000| PB 0x00000000ebe00000| Untracked |  0
| 191|0x00000000ebf00000, 0x00000000ebfaff18, 0x00000000ec000000| 68%| E|  |TAMS 0x00000000ebf00000| PB 0x00000000ebf00000| Complete |  0
| 192|0x00000000ec000000, 0x00000000ec100000, 0x00000000ec100000|100%| E|CS|TAMS 0x00000000ec000000| PB 0x00000000ec000000| Complete |  0
| 193|0x00000000ec100000, 0x00000000ec200000, 0x00000000ec200000|100%| E|CS|TAMS 0x00000000ec100000| PB 0x00000000ec100000| Complete |  0
| 194|0x00000000ec200000, 0x00000000ec300000, 0x00000000ec300000|100%| E|CS|TAMS 0x00000000ec200000| PB 0x00000000ec200000| Complete |  0
| 195|0x00000000ec300000, 0x00000000ec400000, 0x00000000ec400000|100%| E|CS|TAMS 0x00000000ec300000| PB 0x00000000ec300000| Complete |  0
| 196|0x00000000ec400000, 0x00000000ec500000, 0x00000000ec500000|100%| E|CS|TAMS 0x00000000ec400000| PB 0x00000000ec400000| Complete |  0
| 197|0x00000000ec500000, 0x00000000ec600000, 0x00000000ec600000|100%| E|CS|TAMS 0x00000000ec500000| PB 0x00000000ec500000| Complete |  0
| 198|0x00000000ec600000, 0x00000000ec700000, 0x00000000ec700000|100%| S|CS|TAMS 0x00000000ec600000| PB 0x00000000ec600000| Complete |  0
| 199|0x00000000ec700000, 0x00000000ec800000, 0x00000000ec800000|100%| S|CS|TAMS 0x00000000ec700000| PB 0x00000000ec700000| Complete |  0
| 200|0x00000000ec800000, 0x00000000ec900000, 0x00000000ec900000|100%| S|CS|TAMS 0x00000000ec800000| PB 0x00000000ec800000| Complete |  0
| 201|0x00000000ec900000, 0x00000000eca00000, 0x00000000eca00000|100%| S|CS|TAMS 0x00000000ec900000| PB 0x00000000ec900000| Complete |  0
| 202|0x00000000eca00000, 0x00000000ecb00000, 0x00000000ecb00000|100%| S|CS|TAMS 0x00000000eca00000| PB 0x00000000eca00000| Complete |  0
| 203|0x00000000ecb00000, 0x00000000ecc00000, 0x00000000ecc00000|100%| S|CS|TAMS 0x00000000ecb00000| PB 0x00000000ecb00000| Complete |  0
| 204|0x00000000ecc00000, 0x00000000ecd00000, 0x00000000ecd00000|100%| S|CS|TAMS 0x00000000ecc00000| PB 0x00000000ecc00000| Complete |  0
| 205|0x00000000ecd00000, 0x00000000ece00000, 0x00000000ece00000|100%| E|CS|TAMS 0x00000000ecd00000| PB 0x00000000ecd00000| Complete |  0
| 206|0x00000000ece00000, 0x00000000ecf00000, 0x00000000ecf00000|100%| E|CS|TAMS 0x00000000ece00000| PB 0x00000000ece00000| Complete |  0
| 207|0x00000000ecf00000, 0x00000000ed000000, 0x00000000ed000000|100%| E|CS|TAMS 0x00000000ecf00000| PB 0x00000000ecf00000| Complete |  0
| 208|0x00000000ed000000, 0x00000000ed100000, 0x00000000ed100000|100%| E|CS|TAMS 0x00000000ed000000| PB 0x00000000ed000000| Complete |  0
| 209|0x00000000ed100000, 0x00000000ed200000, 0x00000000ed200000|100%| E|CS|TAMS 0x00000000ed100000| PB 0x00000000ed100000| Complete |  0
| 210|0x00000000ed200000, 0x00000000ed300000, 0x00000000ed300000|100%| E|CS|TAMS 0x00000000ed200000| PB 0x00000000ed200000| Complete |  0
| 211|0x00000000ed300000, 0x00000000ed400000, 0x00000000ed400000|100%| E|CS|TAMS 0x00000000ed300000| PB 0x00000000ed300000| Complete |  0
| 212|0x00000000ed400000, 0x00000000ed500000, 0x00000000ed500000|100%| E|  |TAMS 0x00000000ed400000| PB 0x00000000ed400000| Complete |  0
| 213|0x00000000ed500000, 0x00000000ed600000, 0x00000000ed600000|100%| E|CS|TAMS 0x00000000ed500000| PB 0x00000000ed500000| Complete |  0
| 214|0x00000000ed600000, 0x00000000ed700000, 0x00000000ed700000|100%| E|CS|TAMS 0x00000000ed600000| PB 0x00000000ed600000| Complete |  0
| 215|0x00000000ed700000, 0x00000000ed800000, 0x00000000ed800000|100%| E|CS|TAMS 0x00000000ed700000| PB 0x00000000ed700000| Complete |  0
| 216|0x00000000ed800000, 0x00000000ed900000, 0x00000000ed900000|100%| E|CS|TAMS 0x00000000ed800000| PB 0x00000000ed800000| Complete |  0
| 217|0x00000000ed900000, 0x00000000eda00000, 0x00000000eda00000|100%| E|CS|TAMS 0x00000000ed900000| PB 0x00000000ed900000| Complete |  0
| 218|0x00000000eda00000, 0x00000000edb00000, 0x00000000edb00000|100%| E|CS|TAMS 0x00000000eda00000| PB 0x00000000eda00000| Complete |  0
| 219|0x00000000edb00000, 0x00000000edc00000, 0x00000000edc00000|100%| E|CS|TAMS 0x00000000edb00000| PB 0x00000000edb00000| Complete |  1
| 220|0x00000000edc00000, 0x00000000edd00000, 0x00000000edd00000|100%| E|CS|TAMS 0x00000000edc00000| PB 0x00000000edc00000| Complete |  0
| 221|0x00000000edd00000, 0x00000000ede00000, 0x00000000ede00000|100%| E|CS|TAMS 0x00000000edd00000| PB 0x00000000edd00000| Complete |  0
| 222|0x00000000ede00000, 0x00000000edf00000, 0x00000000edf00000|100%| E|CS|TAMS 0x00000000ede00000| PB 0x00000000ede00000| Complete |  0
| 223|0x00000000edf00000, 0x00000000ee000000, 0x00000000ee000000|100%| E|CS|TAMS 0x00000000edf00000| PB 0x00000000edf00000| Complete |  0
| 224|0x00000000ee000000, 0x00000000ee100000, 0x00000000ee100000|100%| E|CS|TAMS 0x00000000ee000000| PB 0x00000000ee000000| Complete |  0
| 225|0x00000000ee100000, 0x00000000ee200000, 0x00000000ee200000|100%| E|CS|TAMS 0x00000000ee100000| PB 0x00000000ee100000| Complete |  0
| 226|0x00000000ee200000, 0x00000000ee300000, 0x00000000ee300000|100%| E|CS|TAMS 0x00000000ee200000| PB 0x00000000ee200000| Complete |  0
| 227|0x00000000ee300000, 0x00000000ee400000, 0x00000000ee400000|100%| E|CS|TAMS 0x00000000ee300000| PB 0x00000000ee300000| Complete |  0
| 228|0x00000000ee400000, 0x00000000ee500000, 0x00000000ee500000|100%| E|CS|TAMS 0x00000000ee400000| PB 0x00000000ee400000| Complete |  0
| 229|0x00000000ee500000, 0x00000000ee600000, 0x00000000ee600000|100%| E|CS|TAMS 0x00000000ee500000| PB 0x00000000ee500000| Complete |  0
| 230|0x00000000ee600000, 0x00000000ee700000, 0x00000000ee700000|100%| E|CS|TAMS 0x00000000ee600000| PB 0x00000000ee600000| Complete |  0
| 231|0x00000000ee700000, 0x00000000ee800000, 0x00000000ee800000|100%| E|CS|TAMS 0x00000000ee700000| PB 0x00000000ee700000| Complete |  0
| 232|0x00000000ee800000, 0x00000000ee900000, 0x00000000ee900000|100%| E|CS|TAMS 0x00000000ee800000| PB 0x00000000ee800000| Complete |  0
| 233|0x00000000ee900000, 0x00000000eea00000, 0x00000000eea00000|100%| E|CS|TAMS 0x00000000ee900000| PB 0x00000000ee900000| Complete |  0
| 234|0x00000000eea00000, 0x00000000eeb00000, 0x00000000eeb00000|100%| E|CS|TAMS 0x00000000eea00000| PB 0x00000000eea00000| Complete |  0
| 235|0x00000000eeb00000, 0x00000000eec00000, 0x00000000eec00000|100%| E|CS|TAMS 0x00000000eeb00000| PB 0x00000000eeb00000| Complete |  0
| 236|0x00000000eec00000, 0x00000000eed00000, 0x00000000eed00000|100%| E|CS|TAMS 0x00000000eec00000| PB 0x00000000eec00000| Complete |  0
| 237|0x00000000eed00000, 0x00000000eee00000, 0x00000000eee00000|100%| E|CS|TAMS 0x00000000eed00000| PB 0x00000000eed00000| Complete |  0
| 238|0x00000000eee00000, 0x00000000eef00000, 0x00000000eef00000|100%| E|CS|TAMS 0x00000000eee00000| PB 0x00000000eee00000| Complete |  0
| 239|0x00000000eef00000, 0x00000000ef000000, 0x00000000ef000000|100%| E|CS|TAMS 0x00000000eef00000| PB 0x00000000eef00000| Complete |  0
| 240|0x00000000ef000000, 0x00000000ef100000, 0x00000000ef100000|100%| E|CS|TAMS 0x00000000ef000000| PB 0x00000000ef000000| Complete |  0
| 241|0x00000000ef100000, 0x00000000ef200000, 0x00000000ef200000|100%| E|CS|TAMS 0x00000000ef100000| PB 0x00000000ef100000| Complete |  0
| 242|0x00000000ef200000, 0x00000000ef300000, 0x00000000ef300000|100%| E|CS|TAMS 0x00000000ef200000| PB 0x00000000ef200000| Complete |  0
| 243|0x00000000ef300000, 0x00000000ef400000, 0x00000000ef400000|100%| E|CS|TAMS 0x00000000ef300000| PB 0x00000000ef300000| Complete |  0
| 244|0x00000000ef400000, 0x00000000ef500000, 0x00000000ef500000|100%| E|CS|TAMS 0x00000000ef400000| PB 0x00000000ef400000| Complete |  0
| 245|0x00000000ef500000, 0x00000000ef600000, 0x00000000ef600000|100%| E|CS|TAMS 0x00000000ef500000| PB 0x00000000ef500000| Complete |  0
| 246|0x00000000ef600000, 0x00000000ef700000, 0x00000000ef700000|100%| E|CS|TAMS 0x00000000ef600000| PB 0x00000000ef600000| Complete |  0
| 247|0x00000000ef700000, 0x00000000ef800000, 0x00000000ef800000|100%| E|CS|TAMS 0x00000000ef700000| PB 0x00000000ef700000| Complete |  0
| 248|0x00000000ef800000, 0x00000000ef900000, 0x00000000ef900000|100%| E|CS|TAMS 0x00000000ef800000| PB 0x00000000ef800000| Complete |  0
| 249|0x00000000ef900000, 0x00000000efa00000, 0x00000000efa00000|100%| E|CS|TAMS 0x00000000ef900000| PB 0x00000000ef900000| Complete |  0
| 250|0x00000000efa00000, 0x00000000efb00000, 0x00000000efb00000|100%| E|CS|TAMS 0x00000000efa00000| PB 0x00000000efa00000| Complete |  0
| 251|0x00000000efb00000, 0x00000000efc00000, 0x00000000efc00000|100%| E|CS|TAMS 0x00000000efb00000| PB 0x00000000efb00000| Complete |  0
| 252|0x00000000efc00000, 0x00000000efd00000, 0x00000000efd00000|100%| E|CS|TAMS 0x00000000efc00000| PB 0x00000000efc00000| Complete |  0
| 253|0x00000000efd00000, 0x00000000efe00000, 0x00000000efe00000|100%| E|CS|TAMS 0x00000000efd00000| PB 0x00000000efd00000| Complete |  0
| 254|0x00000000efe00000, 0x00000000eff00000, 0x00000000eff00000|100%| E|CS|TAMS 0x00000000efe00000| PB 0x00000000efe00000| Complete |  0
| 255|0x00000000eff00000, 0x00000000f0000000, 0x00000000f0000000|100%| E|CS|TAMS 0x00000000eff00000| PB 0x00000000eff00000| Complete |  0
| 511|0x00000000fff00000, 0x0000000100000000, 0x0000000100000000|100%| O|Cm|TAMS 0x00000000fff00000| PB 0x00000000fff00000| Complete |  0

Card table byte_map: [0x000001a8dc9e0000,0x000001a8dcae0000] _byte_map_base: 0x000001a8dc2e0000

Marking Bits: (CMBitMap*) 0x000001a8c2c9cf50
 Bits: [0x000001a8dcae0000, 0x000001a8dd2e0000)

Polling page: 0x000001a8c2d30000

Metaspace:

Usage:
  Non-class:     73.64 MB used.
      Class:     11.39 MB used.
       Both:     85.03 MB used.

Virtual space:
  Non-class space:      128.00 MB reserved,      75.75 MB ( 59%) committed,  2 nodes.
      Class space:      320.00 MB reserved,      13.12 MB (  4%) committed,  1 nodes.
             Both:      448.00 MB reserved,      88.88 MB ( 20%) committed. 

Chunk freelists:
   Non-Class:  5.38 MB
       Class:  3.98 MB
        Both:  9.36 MB

MaxMetaspaceSize: 384.00 MB
CompressedClassSpaceSize: 320.00 MB
Initial GC threshold: 21.00 MB
Current GC threshold: 148.06 MB
CDS: on
 - commit_granule_bytes: 65536.
 - commit_granule_words: 8192.
 - virtual_space_node_default_size: 8388608.
 - enlarge_chunks_in_place: 1.
 - use_allocation_guard: 0.


Internal statistics:

num_allocs_failed_limit: 18.
num_arena_births: 4424.
num_arena_deaths: 2570.
num_vsnodes_births: 3.
num_vsnodes_deaths: 0.
num_space_committed: 1439.
num_space_uncommitted: 6.
num_chunks_returned_to_freelist: 2977.
num_chunks_taken_from_freelist: 8761.
num_chunk_merges: 1118.
num_chunk_splits: 5423.
num_chunks_enlarged: 3303.
num_inconsistent_stats: 0.

CodeHeap 'non-profiled nmethods': size=120064Kb used=8079Kb max_used=9017Kb free=111984Kb
 bounds [0x000001a8d4940000, 0x000001a8d5210000, 0x000001a8dbe80000]
CodeHeap 'profiled nmethods': size=120000Kb used=22435Kb max_used=27426Kb free=97564Kb
 bounds [0x000001a8cce80000, 0x000001a8ce950000, 0x000001a8d43b0000]
CodeHeap 'non-nmethods': size=5696Kb used=2886Kb max_used=3032Kb free=2809Kb
 bounds [0x000001a8d43b0000, 0x000001a8d46c0000, 0x000001a8d4940000]
CodeCache: size=245760Kb, used=33400Kb, max_used=39475Kb, free=212357Kb
 total_blobs=15204, nmethods=14198, adapters=910, full_count=0
Compilation: enabled, stopped_count=0, restarted_count=0

Compilation events (20 events):
Event: 2770.301 Thread 0x000001a8f901d170 21714       1       java.io.ObjectStreamField::getOffset (5 bytes)
Event: 2770.301 Thread 0x000001a8f901d170 nmethod 21714 0x000001a8d498f908 code [0x000001a8d498fa20, 0x000001a8d498fae8]
Event: 2770.301 Thread 0x000001a8f901d170 21716       3       java.lang.ProcessEnvironment$EntryComparator::compare (13 bytes)
Event: 2770.301 Thread 0x000001a8f901d170 nmethod 21716 0x000001a8ccfeb908 code [0x000001a8ccfeba80, 0x000001a8ccfec158]
Event: 2770.301 Thread 0x000001a8f901d170 21718       3       java.lang.ProcessEnvironment$CheckedEntry::getKey (5 bytes)
Event: 2770.302 Thread 0x000001a8f901d170 nmethod 21718 0x000001a8cd183408 code [0x000001a8cd183540, 0x000001a8cd183848]
Event: 2770.302 Thread 0x000001a8f901d170 21717       3       java.lang.ProcessEnvironment$EntryComparator::compare (25 bytes)
Event: 2770.302 Thread 0x000001a8f901d170 nmethod 21717 0x000001a8ccfdea88 code [0x000001a8ccfdebe0, 0x000001a8ccfdf080]
Event: 2770.302 Thread 0x000001a8fd305200 nmethod 21669 0x000001a8d5021708 code [0x000001a8d5021ac0, 0x000001a8d5023dd8]
Event: 2770.303 Thread 0x000001a8fd305200 21706       4       java.lang.Integer::rotateLeft (9 bytes)
Event: 2770.303 Thread 0x000001a8fd305200 nmethod 21706 0x000001a8d499cc88 code [0x000001a8d499cd80, 0x000001a8d499cdf0]
Event: 2770.303 Thread 0x000001a8fd305200 21705       4       sun.security.provider.SHA::implCompress0 (478 bytes)
Event: 2770.363 Thread 0x000001a8fd305200 nmethod 21705 0x000001a8d4faa988 code [0x000001a8d4faaae0, 0x000001a8d4fab720]
Event: 2770.363 Thread 0x000001a8fd305200 21703       4       org.gradle.internal.stream.EncodedStream$EncodedOutput::write (33 bytes)
Event: 2770.378 Thread 0x000001a8fd305200 nmethod 21703 0x000001a8d4a37508 code [0x000001a8d4a376c0, 0x000001a8d4a38178]
Event: 2770.378 Thread 0x000001a8fd305200 21719       4       java.lang.Character::isLetterOrDigit (5 bytes)
Event: 2770.380 Thread 0x000001a8fd305200 nmethod 21719 0x000001a8d49a9208 code [0x000001a8d49a9320, 0x000001a8d49a9488]
Event: 2770.380 Thread 0x000001a8fd305200 21670       4       org.gradle.api.internal.artifacts.ivyservice.resolveengine.graph.builder.NodeState::maybeSubstitute (72 bytes)
Event: 2770.389 Thread 0x000001a8fd305200 nmethod 21670 0x000001a8d4978988 code [0x000001a8d4978b20, 0x000001a8d49791a8]
Event: 2770.393 Thread 0x000001a8fd3058d0 nmethod 21700 0x000001a8d4a63c88 code [0x000001a8d4a64020, 0x000001a8d4a66f88]

GC Heap History (20 events):
Event: 60.709 GC heap before
{Heap before GC invocations=19 (full 0):
 garbage-first heap   total reserved 524288K, committed 262144K, used 225034K [0x00000000e0000000, 0x0000000100000000)
  region size 1024K, 139 young (142336K), 5 survivors (5120K)
 Metaspace       used 83812K, committed 86144K, reserved 458752K
  class space    used 11769K, committed 12928K, reserved 327680K
}
Event: 60.721 GC heap after
{Heap after GC invocations=20 (full 0):
 garbage-first heap   total reserved 524288K, committed 262144K, used 89073K [0x00000000e0000000, 0x0000000100000000)
  region size 1024K, 6 young (6144K), 6 survivors (6144K)
 Metaspace       used 83812K, committed 86144K, reserved 458752K
  class space    used 11769K, committed 12928K, reserved 327680K
}
Event: 65.501 GC heap before
{Heap before GC invocations=20 (full 0):
 garbage-first heap   total reserved 524288K, committed 262144K, used 228337K [0x00000000e0000000, 0x0000000100000000)
  region size 1024K, 143 young (146432K), 6 survivors (6144K)
 Metaspace       used 86049K, committed 88448K, reserved 458752K
  class space    used 12011K, committed 13184K, reserved 327680K
}
Event: 65.529 GC heap after
{Heap after GC invocations=21 (full 0):
 garbage-first heap   total reserved 524288K, committed 262144K, used 100533K [0x00000000e0000000, 0x0000000100000000)
  region size 1024K, 18 young (18432K), 18 survivors (18432K)
 Metaspace       used 86049K, committed 88448K, reserved 458752K
  class space    used 12011K, committed 13184K, reserved 327680K
}
Event: 65.781 GC heap before
{Heap before GC invocations=21 (full 0):
 garbage-first heap   total reserved 524288K, committed 262144K, used 108725K [0x00000000e0000000, 0x0000000100000000)
  region size 1024K, 27 young (27648K), 18 survivors (18432K)
 Metaspace       used 86076K, committed 88512K, reserved 458752K
  class space    used 12011K, committed 13184K, reserved 327680K
}
Event: 65.825 GC heap after
{Heap after GC invocations=22 (full 0):
 garbage-first heap   total reserved 524288K, committed 262144K, used 102052K [0x00000000e0000000, 0x0000000100000000)
  region size 1024K, 3 young (3072K), 3 survivors (3072K)
 Metaspace       used 86076K, committed 88512K, reserved 458752K
  class space    used 12011K, committed 13184K, reserved 327680K
}
Event: 2243.396 GC heap before
{Heap before GC invocations=23 (full 0):
 garbage-first heap   total reserved 524288K, committed 262144K, used 234148K [0x00000000e0000000, 0x0000000100000000)
  region size 1024K, 130 young (133120K), 3 survivors (3072K)
 Metaspace       used 87761K, committed 90112K, reserved 458752K
  class space    used 12217K, committed 13376K, reserved 327680K
}
Event: 2243.514 GC heap after
{Heap after GC invocations=24 (full 0):
 garbage-first heap   total reserved 524288K, committed 262144K, used 108837K [0x00000000e0000000, 0x0000000100000000)
  region size 1024K, 8 young (8192K), 8 survivors (8192K)
 Metaspace       used 87761K, committed 90112K, reserved 458752K
  class space    used 12217K, committed 13376K, reserved 327680K
}
Event: 2760.993 GC heap before
{Heap before GC invocations=24 (full 0):
 garbage-first heap   total reserved 524288K, committed 262144K, used 233765K [0x00000000e0000000, 0x0000000100000000)
  region size 1024K, 131 young (134144K), 8 survivors (8192K)
 Metaspace       used 88510K, committed 90880K, reserved 458752K
  class space    used 12230K, committed 13376K, reserved 327680K
}
Event: 2761.095 GC heap after
{Heap after GC invocations=25 (full 0):
 garbage-first heap   total reserved 524288K, committed 262144K, used 106699K [0x00000000e0000000, 0x0000000100000000)
  region size 1024K, 9 young (9216K), 9 survivors (9216K)
 Metaspace       used 88510K, committed 90880K, reserved 458752K
  class space    used 12230K, committed 13376K, reserved 327680K
}
Event: 2764.244 GC heap before
{Heap before GC invocations=25 (full 0):
 garbage-first heap   total reserved 524288K, committed 262144K, used 234699K [0x00000000e0000000, 0x0000000100000000)
  region size 1024K, 135 young (138240K), 9 survivors (9216K)
 Metaspace       used 89426K, committed 91840K, reserved 458752K
  class space    used 12328K, committed 13504K, reserved 327680K
}
Event: 2764.291 GC heap after
{Heap after GC invocations=26 (full 0):
 garbage-first heap   total reserved 524288K, committed 263168K, used 124560K [0x00000000e0000000, 0x0000000100000000)
  region size 1024K, 17 young (17408K), 17 survivors (17408K)
 Metaspace       used 89426K, committed 91840K, reserved 458752K
  class space    used 12328K, committed 13504K, reserved 327680K
}
Event: 2765.870 GC heap before
{Heap before GC invocations=27 (full 0):
 garbage-first heap   total reserved 524288K, committed 263168K, used 229008K [0x00000000e0000000, 0x0000000100000000)
  region size 1024K, 121 young (123904K), 17 survivors (17408K)
 Metaspace       used 86177K, committed 90944K, reserved 458752K
  class space    used 11624K, committed 13440K, reserved 327680K
}
Event: 2765.901 GC heap after
{Heap after GC invocations=28 (full 0):
 garbage-first heap   total reserved 524288K, committed 263168K, used 129097K [0x00000000e0000000, 0x0000000100000000)
  region size 1024K, 6 young (6144K), 6 survivors (6144K)
 Metaspace       used 86177K, committed 90944K, reserved 458752K
  class space    used 11624K, committed 13440K, reserved 327680K
}
Event: 2766.419 GC heap before
{Heap before GC invocations=28 (full 0):
 garbage-first heap   total reserved 524288K, committed 263168K, used 236617K [0x00000000e0000000, 0x0000000100000000)
  region size 1024K, 111 young (113664K), 6 survivors (6144K)
 Metaspace       used 86242K, committed 90944K, reserved 458752K
  class space    used 11626K, committed 13440K, reserved 327680K
}
Event: 2766.439 GC heap after
{Heap after GC invocations=29 (full 0):
 garbage-first heap   total reserved 524288K, committed 263168K, used 109956K [0x00000000e0000000, 0x0000000100000000)
  region size 1024K, 5 young (5120K), 5 survivors (5120K)
 Metaspace       used 86242K, committed 90944K, reserved 458752K
  class space    used 11626K, committed 13440K, reserved 327680K
}
Event: 2768.435 GC heap before
{Heap before GC invocations=29 (full 0):
 garbage-first heap   total reserved 524288K, committed 263168K, used 236932K [0x00000000e0000000, 0x0000000100000000)
  region size 1024K, 130 young (133120K), 5 survivors (5120K)
 Metaspace       used 86718K, committed 91008K, reserved 458752K
  class space    used 11648K, committed 13440K, reserved 327680K
}
Event: 2768.459 GC heap after
{Heap after GC invocations=30 (full 0):
 garbage-first heap   total reserved 524288K, committed 263168K, used 114987K [0x00000000e0000000, 0x0000000100000000)
  region size 1024K, 11 young (11264K), 11 survivors (11264K)
 Metaspace       used 86718K, committed 91008K, reserved 458752K
  class space    used 11648K, committed 13440K, reserved 327680K
}
Event: 2769.560 GC heap before
{Heap before GC invocations=30 (full 0):
 garbage-first heap   total reserved 524288K, committed 263168K, used 165163K [0x00000000e0000000, 0x0000000100000000)
  region size 1024K, 62 young (63488K), 11 survivors (11264K)
 Metaspace       used 86979K, committed 91008K, reserved 458752K
  class space    used 11663K, committed 13440K, reserved 327680K
}
Event: 2769.572 GC heap after
{Heap after GC invocations=31 (full 0):
 garbage-first heap   total reserved 524288K, committed 263168K, used 115195K [0x00000000e0000000, 0x0000000100000000)
  region size 1024K, 7 young (7168K), 7 survivors (7168K)
 Metaspace       used 86979K, committed 91008K, reserved 458752K
  class space    used 11663K, committed 13440K, reserved 327680K
}

Dll operation events (15 events):
Event: 0.023 Loaded shared library C:\Program Files\Java\jdk-23\bin\java.dll
Event: 0.079 Loaded shared library C:\Program Files\Java\jdk-23\bin\jsvml.dll
Event: 0.167 Loaded shared library C:\Program Files\Java\jdk-23\bin\zip.dll
Event: 0.175 Loaded shared library C:\Program Files\Java\jdk-23\bin\instrument.dll
Event: 0.181 Loaded shared library C:\Program Files\Java\jdk-23\bin\net.dll
Event: 0.184 Loaded shared library C:\Program Files\Java\jdk-23\bin\nio.dll
Event: 0.189 Loaded shared library C:\Program Files\Java\jdk-23\bin\zip.dll
Event: 0.921 Loaded shared library C:\Program Files\Java\jdk-23\bin\jimage.dll
Event: 1.433 Loaded shared library C:\Program Files\Java\jdk-23\bin\verify.dll
Event: 1.879 Loaded shared library C:\Users\USER\.gradle\native\1def1411415f61bf3af743bc5b6707747c0891f09f0c88961ee8f79bc544acac\windows-amd64\native-platform.dll
Event: 1.913 Loaded shared library C:\Users\USER\.gradle\native\0.2.7\x86_64-windows-gnu\gradle-fileevents.dll
Event: 5.247 Loaded shared library C:\Program Files\Java\jdk-23\bin\management.dll
Event: 5.256 Loaded shared library C:\Program Files\Java\jdk-23\bin\management_ext.dll
Event: 5.790 Loaded shared library C:\Program Files\Java\jdk-23\bin\extnet.dll
Event: 6.416 Loaded shared library C:\Program Files\Java\jdk-23\bin\sunmscapi.dll

Deoptimization events (20 events):
Event: 2770.205 Thread 0x000001a8fcb74e80 DEOPT PACKING pc=0x000001a8d4f46380 sp=0x0000002f8e3fae20
Event: 2770.205 Thread 0x000001a8fcb74e80 DEOPT UNPACKING pc=0x000001a8d4404402 sp=0x0000002f8e3fadb8 mode 2
Event: 2770.261 Thread 0x000001a8fcb74e80 Uncommon trap: trap_request=0xffffff45 fr.pc=0x000001a8d4abe42c relative=0x00000000000003ec
Event: 2770.261 Thread 0x000001a8fcb74e80 Uncommon trap: reason=unstable_if action=reinterpret pc=0x000001a8d4abe42c method=java.lang.ref.SoftReference.get()Ljava/lang/Object; @ 6 c2
Event: 2770.261 Thread 0x000001a8fcb74e80 DEOPT PACKING pc=0x000001a8d4abe42c sp=0x0000002f8e3fa6d0
Event: 2770.261 Thread 0x000001a8fcb74e80 DEOPT UNPACKING pc=0x000001a8d4404402 sp=0x0000002f8e3fa5a0 mode 2
Event: 2770.292 Thread 0x000001a88530d7c0 DEOPT PACKING pc=0x000001a8cd1de9e3 sp=0x0000002f8f4fe080
Event: 2770.292 Thread 0x000001a88530d7c0 DEOPT UNPACKING pc=0x000001a8d4404b22 sp=0x0000002f8f4fd518 mode 0
Event: 2770.293 Thread 0x000001a88530d7c0 Uncommon trap: trap_request=0xffffffd6 fr.pc=0x000001a8d4fbbd00 relative=0x0000000000002a00
Event: 2770.293 Thread 0x000001a88530d7c0 Uncommon trap: reason=array_check action=maybe_recompile pc=0x000001a8d4fbbd00 method=java.util.ComparableTimSort.reverseRange([Ljava/lang/Object;II)V @ 20 c2
Event: 2770.293 Thread 0x000001a88530d7c0 DEOPT PACKING pc=0x000001a8d4fbbd00 sp=0x0000002f8f4fdf80
Event: 2770.293 Thread 0x000001a88530d7c0 DEOPT UNPACKING pc=0x000001a8d4404402 sp=0x0000002f8f4fde78 mode 2
Event: 2770.295 Thread 0x000001a88530d7c0 Uncommon trap: trap_request=0xffffffd6 fr.pc=0x000001a8d4fbbd00 relative=0x0000000000002a00
Event: 2770.295 Thread 0x000001a88530d7c0 Uncommon trap: reason=array_check action=maybe_recompile pc=0x000001a8d4fbbd00 method=java.util.ComparableTimSort.reverseRange([Ljava/lang/Object;II)V @ 20 c2
Event: 2770.295 Thread 0x000001a88530d7c0 DEOPT PACKING pc=0x000001a8d4fbbd00 sp=0x0000002f8f4fd900
Event: 2770.295 Thread 0x000001a88530d7c0 DEOPT UNPACKING pc=0x000001a8d4404402 sp=0x0000002f8f4fd7f8 mode 2
Event: 2770.296 Thread 0x000001a88530d7c0 Uncommon trap: trap_request=0xffffffd6 fr.pc=0x000001a8d4fbbd00 relative=0x0000000000002a00
Event: 2770.296 Thread 0x000001a88530d7c0 Uncommon trap: reason=array_check action=maybe_recompile pc=0x000001a8d4fbbd00 method=java.util.ComparableTimSort.reverseRange([Ljava/lang/Object;II)V @ 20 c2
Event: 2770.296 Thread 0x000001a88530d7c0 DEOPT PACKING pc=0x000001a8d4fbbd00 sp=0x0000002f8f4fddf0
Event: 2770.297 Thread 0x000001a88530d7c0 DEOPT UNPACKING pc=0x000001a8d4404402 sp=0x0000002f8f4fdce8 mode 2

Classes loaded (20 events):
Event: 67.091 Loading class java/lang/ProcessImpl
Event: 67.092 Loading class java/lang/ProcessImpl done
Event: 67.104 Loading class java/lang/ProcessHandleImpl
Event: 67.105 Loading class java/lang/ProcessHandleImpl done
Event: 67.111 Loading class java/lang/ProcessImpl$2
Event: 67.112 Loading class java/lang/ProcessImpl$2 done
Event: 67.112 Loading class java/lang/Process$PipeOutputStream
Event: 67.112 Loading class java/lang/Process$PipeOutputStream done
Event: 67.112 Loading class java/lang/Process$PipeInputStream
Event: 67.112 Loading class java/lang/Process$PipeInputStream done
Event: 67.112 Loading class jdk/internal/event/ProcessStartEvent
Event: 67.113 Loading class jdk/internal/event/ProcessStartEvent done
Event: 86.680 Loading class java/util/IdentityHashMap$ValueIterator
Event: 86.680 Loading class java/util/IdentityHashMap$ValueIterator done
Event: 86.753 Loading class java/math/BigDecimal$StringBuilderHelper
Event: 86.753 Loading class java/math/BigDecimal$StringBuilderHelper done
Event: 86.771 Loading class java/nio/file/StandardCopyOption
Event: 86.771 Loading class java/nio/file/StandardCopyOption done
Event: 2763.450 Loading class jdk/internal/module/IllegalAccessLogger
Event: 2763.450 Loading class jdk/internal/module/IllegalAccessLogger done

Classes unloaded (20 events):
Event: 2764.510 Thread 0x000001a8dfd7a180 Unloading class 0x000001a8e10b0c00 'java/lang/invoke/LambdaForm$MH+0x000001a8e10b0c00'
Event: 2764.510 Thread 0x000001a8dfd7a180 Unloading class 0x000001a8e10b0800 'java/lang/invoke/LambdaForm$MH+0x000001a8e10b0800'
Event: 2764.510 Thread 0x000001a8dfd7a180 Unloading class 0x000001a8e109dc00 'java/lang/invoke/LambdaForm$MH+0x000001a8e109dc00'
Event: 2764.510 Thread 0x000001a8dfd7a180 Unloading class 0x000001a8e109d800 'java/lang/invoke/LambdaForm$MH+0x000001a8e109d800'
Event: 2764.510 Thread 0x000001a8dfd7a180 Unloading class 0x000001a8e109d000 'java/lang/invoke/LambdaForm$MH+0x000001a8e109d000'
Event: 2764.510 Thread 0x000001a8dfd7a180 Unloading class 0x000001a8e109cc00 'java/lang/invoke/LambdaForm$MH+0x000001a8e109cc00'
Event: 2764.510 Thread 0x000001a8dfd7a180 Unloading class 0x000001a8e109c000 'java/lang/invoke/LambdaForm$MH+0x000001a8e109c000'
Event: 2764.510 Thread 0x000001a8dfd7a180 Unloading class 0x000001a8e1084000 'java/lang/invoke/LambdaForm$DMH+0x000001a8e1084000'
Event: 2764.510 Thread 0x000001a8dfd7a180 Unloading class 0x000001a8e103a400 'java/lang/invoke/LambdaForm$MH+0x000001a8e103a400'
Event: 2764.510 Thread 0x000001a8dfd7a180 Unloading class 0x000001a8e103a000 'java/lang/invoke/LambdaForm$MH+0x000001a8e103a000'
Event: 2764.510 Thread 0x000001a8dfd7a180 Unloading class 0x000001a8e1039c00 'java/lang/invoke/LambdaForm$MH+0x000001a8e1039c00'
Event: 2764.510 Thread 0x000001a8dfd7a180 Unloading class 0x000001a8e1038000 'java/lang/invoke/LambdaForm$MH+0x000001a8e1038000'
Event: 2764.510 Thread 0x000001a8dfd7a180 Unloading class 0x000001a8e1018000 'java/lang/invoke/LambdaForm$MH+0x000001a8e1018000'
Event: 2764.510 Thread 0x000001a8dfd7a180 Unloading class 0x000001a8e1002000 'java/lang/invoke/LambdaForm$MH+0x000001a8e1002000'
Event: 2764.510 Thread 0x000001a8dfd7a180 Unloading class 0x000001a8e1001c00 'java/lang/invoke/LambdaForm$MH+0x000001a8e1001c00'
Event: 2764.510 Thread 0x000001a8dfd7a180 Unloading class 0x000001a8e1001800 'java/lang/invoke/LambdaForm$MH+0x000001a8e1001800'
Event: 2764.510 Thread 0x000001a8dfd7a180 Unloading class 0x000001a8e1001000 'java/lang/invoke/LambdaForm$MH+0x000001a8e1001000'
Event: 2769.670 Thread 0x000001a8dfd7a180 Unloading class 0x000001a8e1d10c00 'java/lang/invoke/LambdaForm$MH+0x000001a8e1d10c00'
Event: 2769.670 Thread 0x000001a8dfd7a180 Unloading class 0x000001a8e1d10800 'java/lang/invoke/LambdaForm$MH+0x000001a8e1d10800'
Event: 2769.671 Thread 0x000001a8dfd7a180 Unloading class 0x000001a8e1d10400 'java/lang/invoke/LambdaForm$MH+0x000001a8e1d10400'

Classes redefined (0 events):
No events

Internal exceptions (20 events):
Event: 2770.024 Thread 0x000001a8fcb74e80 Exception <a 'sun/nio/fs/WindowsException'{0x00000000edc83508}> (0x00000000edc83508) 
thrown [s\open\src\hotspot\share\prims\jni.cpp, line 520]
Event: 2770.024 Thread 0x000001a8fcb74e80 Exception <a 'sun/nio/fs/WindowsException'{0x00000000edc84fd8}> (0x00000000edc84fd8) 
thrown [s\open\src\hotspot\share\prims\jni.cpp, line 520]
Event: 2770.026 Thread 0x000001a8fcb74e80 Exception <a 'sun/nio/fs/WindowsException'{0x00000000edce25d8}> (0x00000000edce25d8) 
thrown [s\open\src\hotspot\share\prims\jni.cpp, line 520]
Event: 2770.027 Thread 0x000001a8fcb74e80 Exception <a 'sun/nio/fs/WindowsException'{0x00000000edce3de8}> (0x00000000edce3de8) 
thrown [s\open\src\hotspot\share\prims\jni.cpp, line 520]
Event: 2770.028 Thread 0x000001a8fcb74e80 Exception <a 'sun/nio/fs/WindowsException'{0x00000000edb0b868}> (0x00000000edb0b868) 
thrown [s\open\src\hotspot\share\prims\jni.cpp, line 520]
Event: 2770.028 Thread 0x000001a8fcb74e80 Exception <a 'sun/nio/fs/WindowsException'{0x00000000edb0d060}> (0x00000000edb0d060) 
thrown [s\open\src\hotspot\share\prims\jni.cpp, line 520]
Event: 2770.029 Thread 0x000001a8fcb74e80 Exception <a 'sun/nio/fs/WindowsException'{0x00000000edb33a18}> (0x00000000edb33a18) 
thrown [s\open\src\hotspot\share\prims\jni.cpp, line 520]
Event: 2770.029 Thread 0x000001a8fcb74e80 Exception <a 'sun/nio/fs/WindowsException'{0x00000000edb35478}> (0x00000000edb35478) 
thrown [s\open\src\hotspot\share\prims\jni.cpp, line 520]
Event: 2770.041 Thread 0x000001a8fcb74e80 Exception <a 'sun/nio/fs/WindowsException'{0x00000000ed826730}> (0x00000000ed826730) 
thrown [s\open\src\hotspot\share\prims\jni.cpp, line 520]
Event: 2770.041 Thread 0x000001a8fcb74e80 Exception <a 'sun/nio/fs/WindowsException'{0x00000000ed8279c8}> (0x00000000ed8279c8) 
thrown [s\open\src\hotspot\share\prims\jni.cpp, line 520]
Event: 2770.042 Thread 0x000001a8fcb74e80 Exception <a 'sun/nio/fs/WindowsException'{0x00000000ed828a58}> (0x00000000ed828a58) 
thrown [s\open\src\hotspot\share\prims\jni.cpp, line 520]
Event: 2770.042 Thread 0x000001a8fcb74e80 Exception <a 'sun/nio/fs/WindowsException'{0x00000000ed829ca8}> (0x00000000ed829ca8) 
thrown [s\open\src\hotspot\share\prims\jni.cpp, line 520]
Event: 2770.042 Thread 0x000001a8fcb74e80 Exception <a 'sun/nio/fs/WindowsException'{0x00000000ed82aee0}> (0x00000000ed82aee0) 
thrown [s\open\src\hotspot\share\prims\jni.cpp, line 520]
Event: 2770.205 Thread 0x000001a8fcb74e80 Implicit null exception at 0x000001a8d4f46190 to 0x000001a8d4f46350
Event: 2770.261 Thread 0x000001a8fcb74e80 Implicit null exception at 0x000001a8d4abe0b5 to 0x000001a8d4abe418
Event: 2770.292 Thread 0x000001a88530d7c0 Exception <a 'java/lang/NoSuchMethodError'{0x00000000ec0cec50}: static Ljava/lang/Object;.<clinit>()V> (0x00000000ec0cec50) 
thrown [s\open\src\hotspot\share\prims\jni.cpp, line 1111]
Event: 2770.293 Thread 0x000001a88530d7c0 Exception <a 'java/lang/NoSuchMethodError'{0x00000000ec0d81d0}: static Lorg/gradle/api/internal/tasks/testing/junitplatform/JUnitPlatformTestClassProcessorFactory;.<clinit>()V> (0x00000000ec0d81d0) 
thrown [s\open\src\hotspot\share\prims\jni.cpp, line 1111]
Event: 2770.294 Thread 0x000001a88530d7c0 Exception <a 'java/lang/NoSuchMethodError'{0x00000000ec0e06f8}: static Lorg/gradle/api/internal/tasks/testing/junitplatform/JUnitPlatformSpec;.<clinit>()V> (0x00000000ec0e06f8) 
thrown [s\open\src\hotspot\share\prims\jni.cpp, line 1111]
Event: 2770.296 Thread 0x000001a88530d7c0 Exception <a 'java/lang/NoSuchMethodError'{0x00000000ec0f54c8}: static Lorg/gradle/api/internal/tasks/testing/filter/TestFilterSpec;.<clinit>()V> (0x00000000ec0f54c8) 
thrown [s\open\src\hotspot\share\prims\jni.cpp, line 1111]
Event: 2770.297 Thread 0x000001a88530d7c0 Exception <a 'java/lang/NoSuchMethodError'{0x00000000ec0ffab0}: static [Ljava/lang/Object;.<clinit>()V> (0x00000000ec0ffab0) 
thrown [s\open\src\hotspot\share\prims\jni.cpp, line 1111]

VM Operations (20 events):
Event: 2764.697 Executing VM operation: G1PauseCleanup
Event: 2764.698 Executing VM operation: G1PauseCleanup done
Event: 2765.870 Executing VM operation: G1CollectForAllocation (G1 Evacuation Pause)
Event: 2765.901 Executing VM operation: G1CollectForAllocation (G1 Evacuation Pause) done
Event: 2765.920 Executing VM operation: HandshakeAllThreads (HandshakeForDeflation)
Event: 2765.920 Executing VM operation: HandshakeAllThreads (HandshakeForDeflation) done
Event: 2765.920 Executing VM operation: RendezvousGCThreads
Event: 2765.920 Executing VM operation: RendezvousGCThreads done
Event: 2766.418 Executing VM operation: G1CollectForAllocation (G1 Evacuation Pause)
Event: 2766.439 Executing VM operation: G1CollectForAllocation (G1 Evacuation Pause) done
Event: 2767.773 Executing VM operation: HandshakeAllThreads (Deoptimize)
Event: 2767.773 Executing VM operation: HandshakeAllThreads (Deoptimize) done
Event: 2768.435 Executing VM operation: G1CollectForAllocation (G1 Evacuation Pause)
Event: 2768.459 Executing VM operation: G1CollectForAllocation (G1 Evacuation Pause) done
Event: 2769.560 Executing VM operation: G1TryInitiateConcMark (G1 Humongous Allocation)
Event: 2769.572 Executing VM operation: G1TryInitiateConcMark (G1 Humongous Allocation) done
Event: 2769.669 Executing VM operation: G1PauseRemark
Event: 2769.704 Executing VM operation: G1PauseRemark done
Event: 2769.758 Executing VM operation: G1PauseCleanup
Event: 2769.758 Executing VM operation: G1PauseCleanup done

Memory protections (0 events):
No events

Nmethod flushes (20 events):
Event: 2769.701 Thread 0x000001a8dfd7a180 flushing  nmethod 0x000001a8cdfe2588
Event: 2769.701 Thread 0x000001a8dfd7a180 flushing  nmethod 0x000001a8cdfe2f88
Event: 2769.701 Thread 0x000001a8dfd7a180 flushing  nmethod 0x000001a8cdfe3c88
Event: 2769.701 Thread 0x000001a8dfd7a180 flushing  nmethod 0x000001a8ce009308
Event: 2769.701 Thread 0x000001a8dfd7a180 flushing  nmethod 0x000001a8ce00b808
Event: 2769.701 Thread 0x000001a8dfd7a180 flushing  nmethod 0x000001a8ce00c508
Event: 2769.701 Thread 0x000001a8dfd7a180 flushing  nmethod 0x000001a8ce00cd88
Event: 2769.701 Thread 0x000001a8dfd7a180 flushing  nmethod 0x000001a8ce031f08
Event: 2769.701 Thread 0x000001a8dfd7a180 flushing  nmethod 0x000001a8ce032a08
Event: 2769.701 Thread 0x000001a8dfd7a180 flushing  nmethod 0x000001a8ce033a08
Event: 2769.701 Thread 0x000001a8dfd7a180 flushing  nmethod 0x000001a8ce033d08
Event: 2769.701 Thread 0x000001a8dfd7a180 flushing  nmethod 0x000001a8ce03a208
Event: 2769.701 Thread 0x000001a8dfd7a180 flushing  nmethod 0x000001a8ce1d0b88
Event: 2769.701 Thread 0x000001a8dfd7a180 flushing  nmethod 0x000001a8ce1d3b08
Event: 2769.701 Thread 0x000001a8dfd7a180 flushing  nmethod 0x000001a8ce20a008
Event: 2769.701 Thread 0x000001a8dfd7a180 flushing  nmethod 0x000001a8ce20a388
Event: 2769.701 Thread 0x000001a8dfd7a180 flushing  nmethod 0x000001a8ce233d88
Event: 2769.701 Thread 0x000001a8dfd7a180 flushing  nmethod 0x000001a8ce234388
Event: 2769.701 Thread 0x000001a8dfd7a180 flushing  nmethod 0x000001a8ce5b6508
Event: 2769.701 Thread 0x000001a8dfd7a180 flushing  nmethod 0x000001a8ce8eea08

Events (20 events):
Event: 2767.820 Thread 0x000001a8fa1574e0 Thread added: 0x000001a8fc93e4f0
Event: 2767.822 Thread 0x000001a8fa1574e0 Thread added: 0x000001a8fc93b070
Event: 2767.823 Thread 0x000001a8fa1574e0 Thread added: 0x000001a8fc93f8a0
Event: 2767.823 Thread 0x000001a8fa1574e0 Thread added: 0x000001a8fc93f210
Event: 2767.823 Thread 0x000001a8fa1574e0 Thread added: 0x000001a8fc93ff30
Event: 2767.825 Thread 0x000001a8fa1574e0 Thread added: 0x000001a8fc9405c0
Event: 2767.825 Thread 0x000001a8fa1574e0 Thread added: 0x000001a8fc940c50
Event: 2769.099 Thread 0x000001a8fd3058d0 Thread exited: 0x000001a8fd3058d0
Event: 2769.546 Thread 0x000001a8fd307ae0 Thread exited: 0x000001a8fd307ae0
Event: 2769.770 Thread 0x000001a8f901d170 Thread added: 0x000001a8fd305200
Event: 2769.770 Thread 0x000001a8f901d170 Thread added: 0x000001a8fd3058d0
Event: 2770.123 Thread 0x000001a8fcb74e80 Thread added: 0x000001a88530b6f0
Event: 2770.262 Thread 0x000001a8fcb74e80 Thread added: 0x000001a88530de50
Event: 2770.265 Thread 0x000001a8fcb74e80 Thread added: 0x000001a88530d7c0
Event: 2770.286 Thread 0x000001a88530d7c0 Thread added: 0x000001a88530c410
Event: 2770.300 Thread 0x000001a88530d7c0 Thread added: 0x000001a88530bd80
Event: 2770.309 Thread 0x000001a88530bd80 Thread added: 0x000001a88530e4e0
Event: 2770.309 Thread 0x000001a88530bd80 Thread added: 0x000001a88530b060
Event: 2770.309 Thread 0x000001a88530bd80 Thread added: 0x000001a885311ff0
Event: 2770.310 Thread 0x000001a88530bd80 Thread added: 0x000001a88530ff20


Dynamic libraries:
0x00007ff6dfd30000 - 0x00007ff6dfd40000 	C:\Program Files\Java\jdk-23\bin\java.exe
0x00007ff80e9c0000 - 0x00007ff80ec29000 	C:\WINDOWS\SYSTEM32\ntdll.dll
0x00007ff80c790000 - 0x00007ff80c859000 	C:\WINDOWS\System32\KERNEL32.DLL
0x00007ff80c390000 - 0x00007ff80c783000 	C:\WINDOWS\System32\KERNELBASE.dll
0x00007ff80bca0000 - 0x00007ff80bdeb000 	C:\WINDOWS\System32\ucrtbase.dll
0x00007ffff87c0000 - 0x00007ffff87d7000 	C:\Program Files\Java\jdk-23\bin\jli.dll
0x00007fffec270000 - 0x00007fffec28b000 	C:\Program Files\Java\jdk-23\bin\VCRUNTIME140.dll
0x00007ff80c860000 - 0x00007ff80ca24000 	C:\WINDOWS\System32\USER32.dll
0x00007fffefd80000 - 0x00007ffff0013000 	C:\WINDOWS\WinSxS\amd64_microsoft.windows.common-controls_6595b64144ccf1df_6.0.26100.5074_none_3e0d6f78e32fd63f\COMCTL32.dll
0x00007ff80c020000 - 0x00007ff80c047000 	C:\WINDOWS\System32\win32u.dll
0x00007ff80e730000 - 0x00007ff80e7d9000 	C:\WINDOWS\System32\msvcrt.dll
0x00007ff80cc30000 - 0x00007ff80cc5b000 	C:\WINDOWS\System32\GDI32.dll
0x00007ff80c260000 - 0x00007ff80c38d000 	C:\WINDOWS\System32\gdi32full.dll
0x00007ff80bbf0000 - 0x00007ff80bc93000 	C:\WINDOWS\System32\msvcp_win.dll
0x00007ff80e7e0000 - 0x00007ff80e80f000 	C:\WINDOWS\System32\IMM32.DLL
0x00007ffffaa90000 - 0x00007ffffaa9c000 	C:\Program Files\Java\jdk-23\bin\vcruntime140_1.dll
0x00007fffb3b50000 - 0x00007fffb3bde000 	C:\Program Files\Java\jdk-23\bin\msvcp140.dll
0x00007fff75830000 - 0x00007fff76580000 	C:\Program Files\Java\jdk-23\bin\server\jvm.dll
0x00007ff80e820000 - 0x00007ff80e8d4000 	C:\WINDOWS\System32\ADVAPI32.dll
0x00007ff80e170000 - 0x00007ff80e216000 	C:\WINDOWS\System32\sechost.dll
0x00007ff80e4c0000 - 0x00007ff80e5d8000 	C:\WINDOWS\System32\RPCRT4.dll
0x00007ff80e430000 - 0x00007ff80e4a4000 	C:\WINDOWS\System32\WS2_32.dll
0x00007ff80b9b0000 - 0x00007ff80ba0e000 	C:\WINDOWS\SYSTEM32\POWRPROF.dll
0x00007ffff0020000 - 0x00007ffff0055000 	C:\WINDOWS\SYSTEM32\WINMM.dll
0x00007ffff7ea0000 - 0x00007ffff7eab000 	C:\WINDOWS\SYSTEM32\VERSION.dll
0x00007ff80b990000 - 0x00007ff80b9a4000 	C:\WINDOWS\SYSTEM32\UMPDC.dll
0x00007ff80a8f0000 - 0x00007ff80a90b000 	C:\WINDOWS\SYSTEM32\kernel.appcore.dll
0x00007ffff8eb0000 - 0x00007ffff8eba000 	C:\Program Files\Java\jdk-23\bin\jimage.dll
0x00007ff8092b0000 - 0x00007ff8094f2000 	C:\WINDOWS\SYSTEM32\DBGHELP.DLL
0x00007ff80d720000 - 0x00007ff80da9b000 	C:\WINDOWS\System32\combase.dll
0x00007ff80d640000 - 0x00007ff80d717000 	C:\WINDOWS\System32\OLEAUT32.dll
0x00007fffed420000 - 0x00007fffed45d000 	C:\WINDOWS\SYSTEM32\dbgcore.DLL
0x00007ff80bb50000 - 0x00007ff80bbe9000 	C:\WINDOWS\System32\bcryptPrimitives.dll
0x00007ffff6a60000 - 0x00007ffff6a6f000 	C:\Program Files\Java\jdk-23\bin\instrument.dll
0x00007fffe9270000 - 0x00007fffe928e000 	C:\Program Files\Java\jdk-23\bin\java.dll
0x00007ff80df40000 - 0x00007ff80e0d8000 	C:\WINDOWS\System32\ole32.dll
0x00007ff80ce40000 - 0x00007ff80d58d000 	C:\WINDOWS\System32\SHELL32.dll
0x00007ff80bdf0000 - 0x00007ff80bf5c000 	C:\WINDOWS\System32\wintypes.dll
0x00007ff809790000 - 0x00007ff809fe9000 	C:\WINDOWS\SYSTEM32\windows.storage.dll
0x00007ff80cb30000 - 0x00007ff80cc20000 	C:\WINDOWS\System32\SHCORE.dll
0x00007ff80e8e0000 - 0x00007ff80e942000 	C:\WINDOWS\System32\shlwapi.dll
0x00007ff80ba70000 - 0x00007ff80ba99000 	C:\WINDOWS\SYSTEM32\profapi.dll
0x00007fffb2aa0000 - 0x00007fffb2b77000 	C:\Program Files\Java\jdk-23\bin\jsvml.dll
0x00007fffe8210000 - 0x00007fffe8227000 	C:\Program Files\Java\jdk-23\bin\zip.dll
0x00007ffff8100000 - 0x00007ffff8110000 	C:\Program Files\Java\jdk-23\bin\net.dll
0x00007ff80ae50000 - 0x00007ff80aebb000 	C:\WINDOWS\system32\mswsock.dll
0x00007fffe8230000 - 0x00007fffe8246000 	C:\Program Files\Java\jdk-23\bin\nio.dll
0x00007ffff7d70000 - 0x00007ffff7d80000 	C:\Program Files\Java\jdk-23\bin\verify.dll
0x00007fffe80a0000 - 0x00007fffe80c7000 	C:\Users\USER\.gradle\native\1def1411415f61bf3af743bc5b6707747c0891f09f0c88961ee8f79bc544acac\windows-amd64\native-platform.dll
0x00007fffb38e0000 - 0x00007fffb3958000 	C:\Users\USER\.gradle\native\0.2.7\x86_64-windows-gnu\gradle-fileevents.dll
0x00007ffff7c30000 - 0x00007ffff7c3a000 	C:\Program Files\Java\jdk-23\bin\management.dll
0x00007ffff7910000 - 0x00007ffff791b000 	C:\Program Files\Java\jdk-23\bin\management_ext.dll
0x00007ff80e400000 - 0x00007ff80e408000 	C:\WINDOWS\System32\PSAPI.DLL
0x00007ff80a3a0000 - 0x00007ff80a3d4000 	C:\WINDOWS\SYSTEM32\IPHLPAPI.DLL
0x00007ff80e4b0000 - 0x00007ff80e4ba000 	C:\WINDOWS\System32\NSI.dll
0x00007ffff7400000 - 0x00007ffff7409000 	C:\Program Files\Java\jdk-23\bin\extnet.dll
0x00007ff80b220000 - 0x00007ff80b23b000 	C:\WINDOWS\SYSTEM32\CRYPTSP.dll
0x00007ff80a850000 - 0x00007ff80a88b000 	C:\WINDOWS\system32\rsaenh.dll
0x00007ff80aef0000 - 0x00007ff80af1b000 	C:\WINDOWS\SYSTEM32\USERENV.dll
0x00007ff80ba40000 - 0x00007ff80ba66000 	C:\WINDOWS\SYSTEM32\bcrypt.dll
0x00007ff80b080000 - 0x00007ff80b08c000 	C:\WINDOWS\SYSTEM32\CRYPTBASE.dll
0x00007ffff6430000 - 0x00007ffff643e000 	C:\Program Files\Java\jdk-23\bin\sunmscapi.dll
0x00007ff80c050000 - 0x00007ff80c1c7000 	C:\WINDOWS\System32\CRYPT32.dll
0x00007ff80b370000 - 0x00007ff80b3a0000 	C:\WINDOWS\SYSTEM32\ncrypt.dll
0x00007ff80b320000 - 0x00007ff80b35f000 	C:\WINDOWS\SYSTEM32\NTASN1.dll
0x00007fffa08e0000 - 0x00007fffa08e8000 	C:\WINDOWS\system32\wshunix.dll
0x00007ff80a3e0000 - 0x00007ff80a506000 	C:\WINDOWS\SYSTEM32\DNSAPI.dll
0x00007ffff50b0000 - 0x00007ffff50bb000 	C:\Windows\System32\rasadhlp.dll
0x00007ffff9fa0000 - 0x00007ffffa026000 	C:\WINDOWS\System32\fwpuclnt.dll

dbghelp: loaded successfully - version: 4.0.5 - missing functions: none
symbol engine: initialized successfully - sym options: 0x614 - pdb path: .;C:\Program Files\Java\jdk-23\bin;C:\WINDOWS\SYSTEM32;C:\WINDOWS\WinSxS\amd64_microsoft.windows.common-controls_6595b64144ccf1df_6.0.26100.5074_none_3e0d6f78e32fd63f;C:\Program Files\Java\jdk-23\bin\server;C:\Users\USER\.gradle\native\1def1411415f61bf3af743bc5b6707747c0891f09f0c88961ee8f79bc544acac\windows-amd64;C:\Users\USER\.gradle\native\0.2.7\x86_64-windows-gnu

VM Arguments:
jvm_args: --add-opens=java.base/java.lang=ALL-UNNAMED --add-opens=java.base/java.lang.invoke=ALL-UNNAMED --add-opens=java.base/java.util=ALL-UNNAMED --add-opens=java.prefs/java.util.prefs=ALL-UNNAMED --add-exports=jdk.compiler/com.sun.tools.javac.api=ALL-UNNAMED --add-exports=jdk.compiler/com.sun.tools.javac.util=ALL-UNNAMED --add-opens=java.base/java.util=ALL-UNNAMED --add-opens=java.prefs/java.util.prefs=ALL-UNNAMED --add-opens=java.base/java.nio.charset=ALL-UNNAMED --add-opens=java.base/java.net=ALL-UNNAMED --add-opens=java.base/java.util.concurrent.atomic=ALL-UNNAMED --add-opens=java.xml/javax.xml.namespace=ALL-UNNAMED -XX:MaxMetaspaceSize=384m -XX:+HeapDumpOnOutOfMemoryError -Xms256m -Xmx512m -Dfile.encoding=UTF-8 -Duser.country=CH -Duser.language=fr -Duser.variant -javaagent:C:\Users\USER\.gradle\wrapper\dists\gradle-8.13-bin\5xuhj0ry160q40clulazy9h7d\gradle-8.13\lib\agents\gradle-instrumentation-agent-8.13.jar 
java_command: org.gradle.launcher.daemon.bootstrap.GradleDaemon 8.13
java_class_path (initial): C:\Users\USER\.gradle\wrapper\dists\gradle-8.13-bin\5xuhj0ry160q40clulazy9h7d\gradle-8.13\lib\gradle-daemon-main-8.13.jar
Launcher Type: SUN_STANDARD

[Global flags]
     intx CICompilerCount                          = 4                                         {product} {ergonomic}
   size_t CompressedClassSpaceSize                 = 335544320                                 {product} {ergonomic}
     uint ConcGCThreads                            = 2                                         {product} {ergonomic}
     uint G1ConcRefinementThreads                  = 8                                         {product} {ergonomic}
   size_t G1HeapRegionSize                         = 1048576                                   {product} {ergonomic}
     bool HeapDumpOnOutOfMemoryError               = true                                   {manageable} {command line}
   size_t InitialHeapSize                          = 268435456                                 {product} {command line}
   size_t MarkStackSize                            = 4194304                                   {product} {ergonomic}
   size_t MarkStackSizeMax                         = 536870912                                 {product} {ergonomic}
   size_t MaxHeapSize                              = 536870912                                 {product} {command line}
   size_t MaxMetaspaceSize                         = 402653184                                 {product} {command line}
   size_t MaxNewSize                               = 321912832                                 {product} {ergonomic}
   size_t MinHeapDeltaBytes                        = 1048576                                   {product} {ergonomic}
   size_t MinHeapSize                              = 268435456                                 {product} {command line}
    uintx NonNMethodCodeHeapSize                   = 5832704                                {pd product} {ergonomic}
    uintx NonProfiledCodeHeapSize                  = 122945536                              {pd product} {ergonomic}
    uintx ProfiledCodeHeapSize                     = 122880000                              {pd product} {ergonomic}
    uintx ReservedCodeCacheSize                    = 251658240                              {pd product} {ergonomic}
     bool SegmentedCodeCache                       = true                                      {product} {ergonomic}
   size_t SoftMaxHeapSize                          = 536870912                              {manageable} {ergonomic}
     bool UseCompressedOops                        = true                           {product lp64_product} {ergonomic}
     bool UseG1GC                                  = true                                      {product} {ergonomic}
     bool UseLargePagesIndividualAllocation        = false                                  {pd product} {ergonomic}

Logging:
Log output configuration:
 #0: stdout all=warning uptime,level,tags foldmultilines=false
 #1: stderr all=off uptime,level,tags foldmultilines=false

Environment Variables:
JAVA_HOME=C:\Program Files\Java\jdk-23
CLASSPATH=C:\Users\USER\Desktop\Projets Cleanic\Projets en cours\Pointage-Cleanic-Backend\\gradle\wrapper\gradle-wrapper.jar
PATH=C:\Program Files\Common Files\Oracle\Java\javapath;C:\Python313\Scripts\;C:\Python313\;C:\WINDOWS\system32;C:\WINDOWS;C:\WINDOWS\System32\Wbem;C:\WINDOWS\System32\WindowsPowerShell\v1.0\;C:\WINDOWS\System32\OpenSSH\;C:\Program Files\nodejs\;C:\ProgramData\chocolatey\bin;C:\Program Files\MongoDB\Server\8.0\bin;C:\Program Files\Git\cmd;C:\Program Files\Java\jdk-23\bin;C:\Program Files\Docker\Docker\resources\bin;C:\Users\USER\AppData\Local\Microsoft\WindowsApps;C:\Users\USER\AppData\Local\Programs\Microsoft VS Code\bin;C:\Users\USER\AppData\Roaming\npm;C:\Users\USER\AppData\Local\Programs\mongosh\;C:\Program Files\JetBrains\IntelliJ IDEA Community Edition 2025.1\bin;;
USERNAME=USER
OS=Windows_NT
PROCESSOR_IDENTIFIER=Intel64 Family 6 Model 142 Stepping 10, GenuineIntel
TMP=C:\Users\USER\AppData\Local\Temp
TEMP=C:\Users\USER\AppData\Local\Temp




Periodic native trim disabled

---------------  S Y S T E M  ---------------

OS:
 Windows 11 , 64 bit Build 26100 (10.0.26100.5074)
OS uptime: 14 days 6:31 hours
Hyper-V role detected

CPU: total 8 (initial active 8) (4 cores per cpu, 2 threads per core) family 6 model 142 stepping 10 microcode 0xf6, cx8, cmov, fxsr, ht, mmx, 3dnowpref, sse, sse2, sse3, ssse3, sse4.1, sse4.2, popcnt, lzcnt, tsc, tscinvbit, avx, avx2, aes, erms, clmul, bmi1, bmi2, adx, fma, vzeroupper, clflush, clflushopt, hv, rdtscp, f16c
Processor Information for the first 8 processors :
  Max Mhz: 1800, Current Mhz: 1600, Mhz Limit: 1584

Memory: 4k page, system-wide physical 8035M (696M free)
TotalPageFile size 32611M (AvailPageFile size 5M)
current process WorkingSet (physical memory assigned to process): 528M, peak: 531M
current process commit charge ("private bytes"): 625M, peak: 636M

vm_info: Java HotSpot(TM) 64-Bit Server VM (23.0.2+7-58) for windows-amd64 JRE (23.0.2+7-58), built on 2024-11-29T09:34:55Z with MS VC++ 17.6 (VS2022)

END.
